2025-04-27 11:02:57,327 -root - INFO - ******************** Test_001_login *****************
2025-04-27 11:02:57,333 -root - INFO - ******************** Verifying Home Page Title *****************
2025-04-27 11:02:57,349 -root - INFO - ******************** Home Page title test is passed *****************
2025-04-27 11:02:57,357 -root - INFO - ******************** Checking login test **********************
2025-04-27 11:03:08,217 -root - INFO - ******************** Home Page title test is passed *****************
2025-04-27 11:03:08,221 -root - INFO - ******************** Checking login test **********************
2025-04-27 11:03:15,952 -root - INFO - ******************** Home Page title test is passed *****************
2025-04-27 11:03:15,956 -root - INFO - ******************** Checking login test **********************
2025-04-27 11:03:23,322 -root - INFO - ******************** Home Page title test is passed *****************
2025-04-27 11:03:23,326 -root - INFO - ******************** Checking login test **********************
2025-04-27 11:03:35,804 -root - INFO - ******************** Home Page title test is passed *****************
2025-04-27 11:03:35,807 -root - INFO - ******************** Checking login test **********************
2025-04-27 11:03:43,187 -root - INFO - ******************** Home Page title test is passed *****************
2025-04-27 11:03:43,191 -root - INFO - ******************** Checking login test **********************
2025-04-27 11:03:50,574 -root - INFO - ******************** Home Page title test is passed *****************
2025-04-27 11:03:50,578 -root - INFO - ******************** Checking login test **********************
2025-04-27 11:03:57,960 -root - INFO - ******************** Home Page title test is passed *****************
2025-04-27 11:03:57,966 -root - INFO - ******************** Checking login test **********************
2025-04-27 11:04:05,418 -root - INFO - ******************** Home Page title test is passed *****************
2025-04-27 12:15:11,183 -root - INFO - ******************** Test_001_login *****************
2025-04-27 12:15:11,192 -root - INFO - ******************** Verifying Home Page Title *****************
2025-04-27 12:15:11,200 -root - INFO - ******************** Home Page title test is passed *****************
2025-04-27 12:15:15,069 -root - INFO - ******************** Checking login test **********************
2025-04-27 12:15:23,310 -root - INFO - ******************** Home Page title test is passed *****************
2025-04-27 12:15:27,681 -root - INFO - ******************** Checking login test **********************
2025-04-27 12:15:35,492 -root - INFO - ******************** Home Page title test is passed *****************
2025-04-27 12:15:40,314 -root - INFO - ******************** Checking login test **********************
2025-04-27 12:15:47,550 -root - INFO - ******************** Home Page title test is passed *****************
2025-04-27 12:15:52,846 -root - INFO - ******************** Checking login test **********************
2025-04-27 12:16:09,383 -root - INFO - ******************** Home Page title test is passed *****************
2025-04-27 12:16:15,007 -root - INFO - ******************** Checking login test **********************
2025-04-27 12:16:22,231 -root - INFO - ******************** Home Page title test is passed *****************
2025-04-27 12:16:26,253 -root - INFO - ******************** Checking login test **********************
2025-04-27 12:16:33,498 -root - INFO - ******************** Home Page title test is passed *****************
2025-04-27 12:16:37,606 -root - INFO - ******************** Checking login test **********************
2025-04-27 12:16:44,805 -root - INFO - ******************** Home Page title test is passed *****************
2025-04-27 12:16:48,639 -root - INFO - ******************** Checking login test **********************
2025-04-27 12:16:55,858 -root - INFO - ******************** Home Page title test is passed *****************
2025-04-27 12:17:24,100 -root - INFO - ******************** Test_001_login *****************
2025-04-27 12:17:24,100 -root - INFO - ******************** Verifying Home Page Title *****************
2025-04-27 12:17:24,104 -root - INFO - ******************** Home Page title test is passed *****************
2025-04-27 12:17:27,927 -root - INFO - ******************** Checking login test **********************
2025-04-27 12:17:36,354 -root - INFO - ******************** Home Page title test is passed *****************
2025-04-27 12:17:40,469 -root - INFO - ******************** Checking login test **********************
2025-04-27 12:17:47,987 -root - INFO - ******************** Home Page title test is passed *****************
2025-04-27 12:17:51,794 -root - INFO - ******************** Checking login test **********************
2025-04-27 12:17:59,036 -root - INFO - ******************** Home Page title test is passed *****************
2025-04-27 12:18:03,137 -root - INFO - ******************** Checking login test **********************
2025-04-27 12:18:17,978 -root - INFO - ******************** Home Page title test is passed *****************
2025-04-27 12:18:22,810 -root - INFO - ******************** Checking login test **********************
2025-04-27 12:18:30,067 -root - INFO - ******************** Home Page title test is passed *****************
2025-04-27 12:18:34,955 -root - INFO - ******************** Checking login test **********************
2025-04-27 12:18:42,239 -root - INFO - ******************** Home Page title test is passed *****************
2025-04-27 12:18:47,158 -root - INFO - ******************** Checking login test **********************
2025-04-27 12:18:54,409 -root - INFO - ******************** Home Page title test is passed *****************
2025-04-27 12:18:58,726 -root - INFO - ******************** Checking login test **********************
2025-04-27 12:19:05,967 -root - INFO - ******************** Home Page title test is passed *****************
2025-04-27 12:20:17,066 -root - INFO - ******************** Test_001_login *****************
2025-04-27 12:20:17,078 -root - INFO - ******************** Verifying Home Page Title *****************
2025-04-27 12:20:17,084 -root - INFO - ******************** Home Page title test is passed *****************
2025-04-27 12:20:17,087 -root - INFO - ******************** Checking login test **********************
2025-04-27 12:20:25,926 -root - INFO - ******************** Home Page title test is passed *****************
2025-04-27 12:20:25,929 -root - INFO - ******************** Checking login test **********************
2025-04-27 12:20:33,232 -root - INFO - ******************** Home Page title test is passed *****************
2025-04-27 12:20:33,235 -root - INFO - ******************** Checking login test **********************
2025-04-27 12:20:40,484 -root - INFO - ******************** Home Page title test is passed *****************
2025-04-27 12:20:40,487 -root - INFO - ******************** Checking login test **********************
2025-04-27 12:20:52,752 -root - INFO - ******************** Home Page title test is passed *****************
2025-04-27 12:20:52,755 -root - INFO - ******************** Checking login test **********************
2025-04-27 12:21:00,276 -root - INFO - ******************** Home Page title test is passed *****************
2025-04-27 12:21:00,280 -root - INFO - ******************** Checking login test **********************
2025-04-27 12:21:07,521 -root - INFO - ******************** Home Page title test is passed *****************
2025-04-27 12:21:07,525 -root - INFO - ******************** Checking login test **********************
2025-04-27 12:21:14,753 -root - INFO - ******************** Home Page title test is passed *****************
2025-04-27 12:21:14,757 -root - INFO - ******************** Checking login test **********************
2025-04-27 12:21:21,957 -root - INFO - ******************** Home Page title test is passed *****************
2025-04-27 12:24:38,233 -root - INFO - ******************** Test_001_checkout *****************
2025-04-27 12:24:38,242 -root - INFO - ******************** Verifying checkout Page url *****************
2025-04-27 12:24:58,422 -root - INFO - ******************** Home Page title test is passed *****************
2025-04-27 12:25:01,121 -root - INFO - ******************** Verifying checkout items *****************
2025-04-27 12:25:01,337 -root - INFO - ******************** Verifying finish button *****************
2025-04-27 12:25:39,891 -root - INFO - ******************** Test_001_checkout *****************
2025-04-27 12:25:39,891 -root - INFO - ******************** Verifying checkout Page url *****************
2025-04-27 12:25:39,972 -root - INFO - ******************** Verifying checkout items *****************
2025-04-27 12:25:39,975 -root - INFO - ******************** Verifying finish button *****************
2025-04-27 12:27:06,960 -root - INFO - ******************** Test_001_checkout *****************
2025-04-27 12:27:06,960 -root - INFO - ******************** Verifying checkout Page url *****************
2025-04-27 12:27:28,628 -root - INFO - ******************** Home Page title test is passed *****************
2025-04-27 12:27:31,357 -root - INFO - ******************** Verifying checkout items *****************
2025-04-27 12:27:31,523 -root - INFO - ******************** Verifying finish button *****************
2025-04-27 12:29:43,841 -root - INFO - ******************** Test_001_checkout *****************
2025-04-27 12:29:43,841 -root - INFO - ******************** Verifying checkout Page url *****************
2025-04-27 12:30:03,600 -root - INFO - ******************** Home Page title test is passed *****************
2025-04-27 12:30:05,938 -root - INFO - ******************** Verifying checkout items *****************
2025-04-27 12:30:23,851 -root - INFO - ******************** Home Page title test is passed *****************
2025-04-27 12:30:24,079 -root - INFO - ******************** Verifying finish button *****************
2025-04-27 12:30:44,547 -root - INFO - ******************** Home Page title test is passed *****************
2025-04-27 12:32:32,683 -root - INFO - ******** Login test passed********
2025-04-27 12:32:38,887 -urllib3.connectionpool - WARNING - Retrying (Retry(total=2, connect=None, read=None, redirect=None, status=None)) after connection broken by 'NewConnectionError('<urllib3.connection.HTTPConnection object at 0x0000026539A5D810>: Failed to establish a new connection: [WinError 10061] No connection could be made because the target machine actively refused it')': /session/30d2ddee72173c75baa1b10d8b8fcdf8
2025-04-27 12:32:42,950 -urllib3.connectionpool - WARNING - Retrying (Retry(total=1, connect=None, read=None, redirect=None, status=None)) after connection broken by 'NewConnectionError('<urllib3.connection.HTTPConnection object at 0x0000026539A5CA50>: Failed to establish a new connection: [WinError 10061] No connection could be made because the target machine actively refused it')': /session/30d2ddee72173c75baa1b10d8b8fcdf8
2025-04-27 12:32:46,982 -urllib3.connectionpool - WARNING - Retrying (Retry(total=0, connect=None, read=None, redirect=None, status=None)) after connection broken by 'NewConnectionError('<urllib3.connection.HTTPConnection object at 0x0000026539992060>: Failed to establish a new connection: [WinError 10061] No connection could be made because the target machine actively refused it')': /session/30d2ddee72173c75baa1b10d8b8fcdf8
2025-04-27 12:34:37,214 -root - INFO - ******************** Test_001_cart *****************
2025-04-27 12:34:37,218 -root - INFO - ******************** Verifying cart products *****************
2025-04-27 12:34:56,493 -root - INFO - ******************** Home Page title test is passed *****************
2025-04-27 12:34:56,688 -root - INFO - ******************** Verifying cart is empty by default *****************
2025-04-27 12:35:06,118 -root - INFO - ******************** Home Page title test is passed *****************
2025-04-27 12:35:06,120 -root - INFO - ******************** Removing products from cart *****************
2025-04-27 12:35:17,864 -root - INFO - ******************** Home Page title test is passed *****************
2025-04-27 12:36:13,325 -root - INFO - ******************** Test_001_cart *****************
2025-04-27 12:36:13,325 -root - INFO - ******************** Verifying cart products *****************
2025-04-27 12:36:30,850 -root - INFO - ******************** Home Page title test is passed *****************
2025-04-27 12:36:31,471 -root - INFO - ******************** Verifying cart is empty by default *****************
2025-04-27 12:36:31,673 -root - INFO - ******************** Removing products from cart *****************
2025-04-27 12:38:16,596 -root - INFO - ******************** Test_001_cart *****************
2025-04-27 12:38:16,597 -root - INFO - ******************** Verifying cart products *****************
2025-04-27 12:38:31,588 -root - INFO - ******************** Home Page title test is passed *****************
2025-04-27 12:38:31,779 -root - INFO - ******************** Verifying cart is empty by default *****************
2025-04-27 12:38:31,916 -root - INFO - ******************** Removing products from cart *****************
2025-04-27 21:52:37,405 -root - INFO - ******************** Test_001_Inventory *****************
2025-04-27 21:52:37,410 -root - INFO - ******************** Verifying inventory Home Page Title *****************
2025-04-27 21:52:50,798 -root - INFO - ******************** Home Page title test is passed *****************
2025-04-27 21:52:50,803 -root - INFO - ******************** Verifying product details *****************
2025-04-27 21:52:50,948 -root - INFO - ******************** Adding products to cart *****************
2025-04-27 21:52:55,237 -root - INFO - ******************** Home Page title test is passed *****************
2025-04-27 21:52:55,240 -root - INFO - ******************** Verifying sorting *****************
2025-04-27 21:53:02,076 -root - INFO - ******************** Home Page title test is failed *****************
2025-04-27 21:59:21,705 -root - INFO - ******************** Test_001_Inventory *****************
2025-04-27 21:59:21,714 -root - INFO - ******************** Verifying inventory Home Page Title *****************
2025-04-27 21:59:33,861 -root - INFO - ******************** Home Page title test is passed *****************
2025-04-27 21:59:33,865 -root - INFO - ******************** Verifying product details *****************
2025-04-27 21:59:34,000 -root - INFO - ******************** Adding products to cart *****************
2025-04-27 21:59:38,313 -root - INFO - ******************** Home Page title test is passed *****************
2025-04-27 21:59:38,317 -root - INFO - ******************** Verifying sorting *****************
2025-04-27 21:59:45,228 -root - INFO - ******************** Home Page title test is failed *****************
2025-04-27 22:14:43,233 -root - INFO - ******************** Test_001_Inventory *****************
2025-04-27 22:14:43,247 -root - INFO - ******************** Verifying inventory Home Page Title *****************
2025-04-27 22:14:57,225 -root - INFO - ******************** Home Page title test is passed *****************
2025-04-27 22:14:57,231 -root - INFO - ******************** Verifying product details *****************
2025-04-27 22:14:57,389 -root - INFO - ******************** Adding products to cart *****************
2025-04-27 22:15:01,665 -root - INFO - ******************** Home Page title test is passed *****************
2025-04-27 22:15:01,668 -root - INFO - ******************** Verifying sorting *****************
2025-04-27 22:15:08,617 -root - INFO - ******************** Home Page title test is failed *****************
2025-04-28 09:59:21,555 -root - INFO - ******************** Test_001_login *****************
2025-04-28 09:59:21,566 -root - INFO - ******************** Verifying Home Page Title *****************
2025-04-28 09:59:21,574 -root - INFO - ******************** Home Page title test is passed *****************
2025-04-28 09:59:21,580 -root - INFO - ******************** Checking login test **********************
2025-04-28 09:59:37,346 -root - INFO - ******************** Home Page title test is passed *****************
2025-04-28 09:59:37,350 -root - INFO - ******************** Checking login test **********************
2025-04-28 09:59:45,270 -root - INFO - ******************** Home Page title test is passed *****************
2025-04-28 09:59:45,272 -root - INFO - ******************** Checking login test **********************
2025-04-28 09:59:52,721 -root - INFO - ******************** Home Page title test is passed *****************
2025-04-28 09:59:52,724 -root - INFO - ******************** Checking login test **********************
2025-04-28 10:00:05,124 -root - INFO - ******************** Home Page title test is passed *****************
2025-04-28 10:00:05,127 -root - INFO - ******************** Checking login test **********************
2025-04-28 10:00:12,482 -root - INFO - ******************** Home Page title test is passed *****************
2025-04-28 10:00:12,486 -root - INFO - ******************** Checking login test **********************
2025-04-28 10:00:19,927 -root - INFO - ******************** Home Page title test is passed *****************
2025-04-28 10:00:19,931 -root - INFO - ******************** Checking login test **********************
2025-04-28 10:00:27,212 -root - INFO - ******************** Home Page title test is passed *****************
2025-04-28 10:00:27,216 -root - INFO - ******************** Checking login test **********************
2025-04-28 10:00:34,550 -root - INFO - ******************** Home Page title test is passed *****************
2025-04-28 10:03:17,570 -root - INFO - ******** Login test passed********
2025-04-28 10:03:23,905 -urllib3.connectionpool - WARNING - Retrying (Retry(total=2, connect=None, read=None, redirect=None, status=None)) after connection broken by 'NewConnectionError('<urllib3.connection.HTTPConnection object at 0x000002B5B6E01950>: Failed to establish a new connection: [WinError 10061] No connection could be made because the target machine actively refused it')': /session/1dfb2c455c103334b343af92915d8b14
2025-04-28 10:03:27,949 -urllib3.connectionpool - WARNING - Retrying (Retry(total=1, connect=None, read=None, redirect=None, status=None)) after connection broken by 'NewConnectionError('<urllib3.connection.HTTPConnection object at 0x000002B5B6E00B90>: Failed to establish a new connection: [WinError 10061] No connection could be made because the target machine actively refused it')': /session/1dfb2c455c103334b343af92915d8b14
2025-04-28 10:03:32,038 -urllib3.connectionpool - WARNING - Retrying (Retry(total=0, connect=None, read=None, redirect=None, status=None)) after connection broken by 'NewConnectionError('<urllib3.connection.HTTPConnection object at 0x000002B5B69EA060>: Failed to establish a new connection: [WinError 10061] No connection could be made because the target machine actively refused it')': /session/1dfb2c455c103334b343af92915d8b14
2025-04-28 10:07:03,138 -root - INFO - ******************** Test_001_Inventory *****************
2025-04-28 10:07:03,139 -root - INFO - ******************** Verifying inventory Home Page Title *****************
2025-04-28 10:07:15,734 -root - INFO - ******************** Home Page title test is passed *****************
2025-04-28 10:07:15,741 -root - INFO - ******************** Verifying product details *****************
2025-04-28 10:07:15,922 -root - INFO - ******************** Adding products to cart *****************
2025-04-28 10:07:20,211 -root - INFO - ******************** Home Page title test is passed *****************
2025-04-28 10:08:57,198 -root - INFO - ******************** Test_001_cart *****************
2025-04-28 10:08:57,198 -root - INFO - ******************** Verifying cart products *****************
2025-04-28 10:08:57,276 -root - INFO - ******************** Verifying cart is empty by default *****************
2025-04-28 10:08:57,282 -root - INFO - ******************** Removing products from cart *****************
2025-04-28 10:10:03,554 -root - INFO - ******************** Test_001_cart *****************
2025-04-28 10:10:03,554 -root - INFO - ******************** Verifying cart products *****************
2025-04-28 10:10:03,604 -root - INFO - ******************** Verifying cart is empty by default *****************
2025-04-28 10:10:03,607 -root - INFO - ******************** Removing products from cart *****************
2025-04-28 10:12:24,854 -root - INFO - ******************** Test_001_cart *****************
2025-04-28 10:12:24,863 -root - INFO - ******************** Verifying cart products *****************
2025-04-28 10:12:24,954 -root - INFO - ******************** Verifying cart is empty by default *****************
2025-04-28 10:12:24,986 -root - INFO - ******************** Removing products from cart *****************
2025-04-28 10:13:40,848 -root - INFO - ******************** Test_001_cart *****************
2025-04-28 10:13:40,848 -root - INFO - ******************** Verifying cart products *****************
2025-04-28 10:13:58,528 -root - INFO - ******************** Home Page title test is passed *****************
2025-04-28 10:13:58,970 -root - INFO - ******************** Verifying cart is empty by default *****************
2025-04-28 10:14:08,675 -root - INFO - ******************** Home Page title test is passed *****************
2025-04-28 10:14:08,679 -root - INFO - ******************** Removing products from cart *****************
2025-04-28 10:14:20,880 -root - INFO - ******************** Home Page title test is passed *****************
2025-04-28 10:15:46,708 -root - INFO - ******************** Test_001_cart *****************
2025-04-28 10:15:46,708 -root - INFO - ******************** Verifying cart products *****************
2025-04-28 10:16:05,811 -root - INFO - ******************** Home Page title test is passed *****************
2025-04-28 10:16:06,237 -root - INFO - ******************** Verifying cart is empty by default *****************
2025-04-28 10:16:15,943 -root - INFO - ******************** Home Page title test is passed *****************
2025-04-28 10:16:15,947 -root - INFO - ******************** Removing products from cart *****************
2025-04-28 10:16:28,216 -root - INFO - ******************** Home Page title test is passed *****************
2025-04-28 10:16:57,453 -root - INFO - ******************** Test_001_Inventory *****************
2025-04-28 10:16:57,454 -root - INFO - ******************** Verifying inventory Home Page Title *****************
2025-04-28 10:17:08,665 -root - INFO - ******************** Home Page title test is passed *****************
2025-04-28 10:17:08,670 -root - INFO - ******************** Verifying product details *****************
2025-04-28 10:17:08,811 -root - INFO - ******************** Adding products to cart *****************
2025-04-28 10:17:13,128 -root - INFO - ******************** Home Page title test is passed *****************
2025-04-28 10:18:53,605 -root - INFO - ******************** Test_001_login *****************
2025-04-28 10:18:53,606 -root - INFO - ******************** Verifying Home Page Title *****************
2025-04-28 10:18:53,613 -root - INFO - ******************** Home Page title test is passed *****************
2025-04-28 10:18:53,616 -root - INFO - ******************** Checking login test **********************
2025-04-28 10:19:01,226 -root - INFO - ******************** Home Page title test is passed *****************
2025-04-28 10:19:01,230 -root - INFO - ******************** Checking login test **********************
2025-04-28 10:19:04,780 -root - INFO - ******************** Home Page title test is passed *****************
2025-04-28 10:19:04,784 -root - INFO - ******************** Checking login test **********************
2025-04-28 10:19:08,178 -root - INFO - ******************** Home Page title test is passed *****************
2025-04-28 10:19:08,181 -root - INFO - ******************** Checking login test **********************
2025-04-28 10:19:16,769 -root - INFO - ******************** Home Page title test is passed *****************
2025-04-28 10:19:16,773 -root - INFO - ******************** Checking login test **********************
2025-04-28 10:19:20,129 -root - INFO - ******************** Home Page title test is passed *****************
2025-04-28 10:19:20,133 -root - INFO - ******************** Checking login test **********************
2025-04-28 10:19:23,525 -root - INFO - ******************** Home Page title test is passed *****************
2025-04-28 10:19:23,528 -root - INFO - ******************** Checking login test **********************
2025-04-28 10:19:26,846 -root - INFO - ******************** Home Page title test is passed *****************
2025-04-28 10:19:26,850 -root - INFO - ******************** Checking login test **********************
2025-04-28 10:19:30,237 -root - INFO - ******************** Home Page title test is passed *****************
2025-04-28 10:21:58,727 -root - INFO - ******************** Test_001_checkout *****************
2025-04-28 10:21:58,738 -root - INFO - ******************** Verifying checkout Page url *****************
2025-04-28 10:22:18,376 -root - INFO - ******************** Home Page title test is passed *****************
2025-04-28 10:22:20,987 -root - INFO - ******************** Verifying checkout items *****************
2025-04-28 10:22:35,352 -root - INFO - ******************** Home Page title test is passed *****************
2025-04-28 10:22:35,808 -root - INFO - ******************** Verifying finish button *****************
2025-04-28 10:22:52,314 -root - INFO - ******************** Home Page title test is passed *****************
2025-04-28 10:24:21,849 -root - INFO - ******** Login test passed********
2025-04-28 10:24:28,149 -urllib3.connectionpool - WARNING - Retrying (Retry(total=2, connect=None, read=None, redirect=None, status=None)) after connection broken by 'NewConnectionError('<urllib3.connection.HTTPConnection object at 0x0000021DC3DB1950>: Failed to establish a new connection: [WinError 10061] No connection could be made because the target machine actively refused it')': /session/90d5c99cb5d170dc6b8d4f3e2158d597
2025-04-28 10:24:32,209 -urllib3.connectionpool - WARNING - Retrying (Retry(total=1, connect=None, read=None, redirect=None, status=None)) after connection broken by 'NewConnectionError('<urllib3.connection.HTTPConnection object at 0x0000021DC3DB0B90>: Failed to establish a new connection: [WinError 10061] No connection could be made because the target machine actively refused it')': /session/90d5c99cb5d170dc6b8d4f3e2158d597
2025-04-28 10:24:36,263 -urllib3.connectionpool - WARNING - Retrying (Retry(total=0, connect=None, read=None, redirect=None, status=None)) after connection broken by 'NewConnectionError('<urllib3.connection.HTTPConnection object at 0x0000021DC3999CD0>: Failed to establish a new connection: [WinError 10061] No connection could be made because the target machine actively refused it')': /session/90d5c99cb5d170dc6b8d4f3e2158d597
2025-04-28 10:32:05,249 -root - INFO - ******************** Test_001_Inventory *****************
2025-04-28 10:32:05,263 -root - INFO - ******************** Verifying inventory Home Page Title *****************
2025-04-28 10:32:13,264 -root - INFO - ******************** Home Page title test is passed *****************
2025-04-28 10:32:13,269 -root - INFO - ******************** Verifying product details *****************
2025-04-28 10:32:13,451 -root - INFO - ******************** Adding products to cart *****************
2025-04-28 10:32:17,857 -root - INFO - ******************** Home Page title test is passed *****************
2025-04-28 10:33:46,606 -root - INFO - ******************** Test_001_Inventory *****************
2025-04-28 10:33:46,619 -root - INFO - ******************** Verifying inventory Home Page Title *****************
2025-04-28 10:33:54,970 -root - INFO - ******************** Home Page title test is passed *****************
2025-04-28 10:33:54,976 -root - INFO - ******************** Verifying product details *****************
2025-04-28 10:33:55,152 -root - INFO - ******************** Adding products to cart *****************
2025-04-28 10:33:59,467 -root - INFO - ******************** Home Page title test is passed *****************
2025-04-28 10:34:57,695 -root - INFO - ******************** Test_001_Inventory *****************
2025-04-28 10:34:57,696 -root - INFO - ******************** Verifying inventory Home Page Title *****************
2025-04-28 10:35:05,302 -root - INFO - ******************** Home Page title test is passed *****************
2025-04-28 10:35:05,309 -root - INFO - ******************** Verifying product details *****************
2025-04-28 10:35:05,501 -root - INFO - ******************** Adding products to cart *****************
2025-04-28 10:35:09,853 -root - INFO - ******************** Home Page title test is passed *****************
2025-04-29 11:06:22,065 -root - INFO - ******************** Test_001_login *****************
2025-04-29 11:06:22,095 -root - INFO - ******************** Verifying Home Page Title *****************
2025-04-29 11:06:22,116 -root - INFO - ******************** Home Page title test is passed *****************
2025-04-29 11:06:22,120 -root - INFO - ******************** Checking login test **********************
2025-04-29 11:07:03,252 -root - INFO - ******************** Home Page title test is passed *****************
2025-04-29 11:07:03,256 -root - INFO - ******************** Checking login test **********************
2025-04-29 11:07:07,137 -root - INFO - ******************** Home Page title test is passed *****************
2025-04-29 11:07:07,142 -root - INFO - ******************** Checking login test **********************
2025-04-29 11:07:10,513 -root - INFO - ******************** Home Page title test is passed *****************
2025-04-29 11:07:10,517 -root - INFO - ******************** Checking login test **********************
2025-04-29 11:07:18,950 -root - INFO - ******************** Home Page title test is passed *****************
2025-04-29 11:07:18,954 -root - INFO - ******************** Checking login test **********************
2025-04-29 11:07:22,389 -root - INFO - ******************** Home Page title test is passed *****************
2025-04-29 11:07:22,393 -root - INFO - ******************** Checking login test **********************
2025-04-29 11:07:25,793 -root - INFO - ******************** Home Page title test is passed *****************
2025-04-29 11:07:25,796 -root - INFO - ******************** Checking login test **********************
2025-04-29 11:07:29,156 -root - INFO - ******************** Home Page title test is passed *****************
2025-04-29 11:07:29,160 -root - INFO - ******************** Checking login test **********************
2025-04-29 11:07:32,536 -root - INFO - ******************** Home Page title test is passed *****************
2025-04-29 11:08:38,281 -root - INFO - ******************** Test_001_login *****************
2025-04-29 11:08:38,292 -root - INFO - ******************** Verifying Home Page Title *****************
2025-04-29 11:08:38,306 -root - INFO - ******************** Home Page title test is passed *****************
2025-04-29 11:08:38,312 -root - INFO - ******************** Checking login test **********************
2025-04-29 11:09:35,223 -root - INFO - ******************** Home Page title test is passed *****************
2025-04-29 11:09:35,226 -root - INFO - ******************** Checking login test **********************
2025-04-29 11:09:38,802 -root - INFO - ******************** Home Page title test is passed *****************
2025-04-29 11:09:38,806 -root - INFO - ******************** Checking login test **********************
2025-04-29 11:09:42,196 -root - INFO - ******************** Home Page title test is passed *****************
2025-04-29 11:09:42,200 -root - INFO - ******************** Checking login test **********************
2025-04-29 11:09:50,728 -root - INFO - ******************** Home Page title test is passed *****************
2025-04-29 11:09:50,731 -root - INFO - ******************** Checking login test **********************
2025-04-29 11:09:54,105 -root - INFO - ******************** Home Page title test is passed *****************
2025-04-29 11:09:54,109 -root - INFO - ******************** Checking login test **********************
2025-04-29 11:09:57,514 -root - INFO - ******************** Home Page title test is passed *****************
2025-04-29 11:09:57,518 -root - INFO - ******************** Checking login test **********************
2025-04-29 11:10:00,898 -root - INFO - ******************** Home Page title test is passed *****************
2025-04-29 11:10:00,901 -root - INFO - ******************** Checking login test **********************
2025-04-29 11:10:04,297 -root - INFO - ******************** Home Page title test is passed *****************
2025-04-29 11:10:58,172 -root - INFO - ******************** Test_001_login *****************
2025-04-29 11:10:58,172 -root - INFO - ******************** Verifying Home Page Title *****************
2025-04-29 11:10:58,185 -root - INFO - ******************** Home Page title test is passed *****************
2025-04-29 11:10:58,188 -root - INFO - ******************** Checking login test **********************
2025-04-29 11:11:30,309 -root - INFO - ******************** Home Page title test is passed *****************
2025-04-29 11:11:30,313 -root - INFO - ******************** Checking login test **********************
2025-04-29 11:11:34,098 -root - INFO - ******************** Home Page title test is passed *****************
2025-04-29 11:11:34,101 -root - INFO - ******************** Checking login test **********************
2025-04-29 11:11:37,921 -root - INFO - ******************** Home Page title test is passed *****************
2025-04-29 11:11:37,925 -root - INFO - ******************** Checking login test **********************
2025-04-29 11:11:46,314 -root - INFO - ******************** Home Page title test is passed *****************
2025-04-29 11:11:46,318 -root - INFO - ******************** Checking login test **********************
2025-04-29 11:11:49,719 -root - INFO - ******************** Home Page title test is passed *****************
2025-04-29 11:11:49,723 -root - INFO - ******************** Checking login test **********************
2025-04-29 11:11:53,079 -root - INFO - ******************** Home Page title test is passed *****************
2025-04-29 11:11:53,084 -root - INFO - ******************** Checking login test **********************
2025-04-29 11:11:56,466 -root - INFO - ******************** Home Page title test is passed *****************
2025-04-29 11:11:56,470 -root - INFO - ******************** Checking login test **********************
2025-04-29 11:11:59,821 -root - INFO - ******************** Home Page title test is passed *****************
2025-04-29 11:44:51,987 -root - INFO - ******************** Test_001_Inventory *****************
2025-04-29 11:44:51,995 -root - INFO - ******************** Verifying inventory Home Page Title *****************
2025-04-29 11:44:52,047 -root - INFO - ******************** Verifying product details *****************
2025-04-29 11:44:52,074 -root - INFO - ******************** Adding products to cart *****************
2025-04-29 11:45:49,017 -root - INFO - ******************** Test_001_cart *****************
2025-04-29 11:45:49,018 -root - INFO - ******************** Verifying cart products *****************
2025-04-29 11:45:49,087 -root - INFO - ******************** Verifying cart is empty by default *****************
2025-04-29 11:45:49,091 -root - INFO - ******************** Removing products from cart *****************
2025-04-29 11:47:58,630 -root - INFO - ******************** Test_001_cart *****************
2025-04-29 11:47:58,634 -root - INFO - ******************** Verifying cart products *****************
2025-04-29 11:47:58,707 -root - INFO - ******************** Verifying cart is empty by default *****************
2025-04-29 11:47:58,711 -root - INFO - ******************** Removing products from cart *****************
2025-04-29 11:56:44,428 -root - INFO - ******************** Test_001_login *****************
2025-04-29 11:56:44,435 -root - INFO - ******************** Verifying Home Page Title *****************
2025-04-29 11:56:44,450 -root - INFO - ******************** Home Page title test is passed *****************
2025-04-29 11:56:44,456 -root - INFO - ******************** Checking login test **********************
2025-04-29 11:57:23,177 -root - INFO - ******************** Home Page title test is passed *****************
2025-04-29 11:57:23,182 -root - INFO - ******************** Checking login test **********************
2025-04-29 11:57:26,784 -root - INFO - ******************** Home Page title test is passed *****************
2025-04-29 11:57:26,787 -root - INFO - ******************** Checking login test **********************
2025-04-29 11:57:30,229 -root - INFO - ******************** Home Page title test is passed *****************
2025-04-29 11:57:30,233 -root - INFO - ******************** Checking login test **********************
2025-04-29 11:57:38,772 -root - INFO - ******************** Home Page title test is passed *****************
2025-04-29 11:57:38,775 -root - INFO - ******************** Checking login test **********************
2025-04-29 11:57:42,178 -root - INFO - ******************** Home Page title test is passed *****************
2025-04-29 11:57:42,182 -root - INFO - ******************** Checking login test **********************
2025-04-29 11:57:45,567 -root - INFO - ******************** Home Page title test is passed *****************
2025-04-29 11:57:45,570 -root - INFO - ******************** Checking login test **********************
2025-04-29 11:57:49,019 -root - INFO - ******************** Home Page title test is passed *****************
2025-04-29 11:57:49,022 -root - INFO - ******************** Checking login test **********************
2025-04-29 11:57:52,386 -root - INFO - ******************** Home Page title test is passed *****************
2025-04-29 12:05:32,995 -root - INFO - ******** Login test passed********
2025-04-29 12:05:39,306 -urllib3.connectionpool - WARNING - Retrying (Retry(total=2, connect=None, read=None, redirect=None, status=None)) after connection broken by 'NewConnectionError('<urllib3.connection.HTTPConnection object at 0x00000286A1425590>: Failed to establish a new connection: [WinError 10061] No connection could be made because the target machine actively refused it')': /session/8cc97740cc80aec755b87b86fd51c59b
2025-04-29 12:05:43,383 -urllib3.connectionpool - WARNING - Retrying (Retry(total=1, connect=None, read=None, redirect=None, status=None)) after connection broken by 'NewConnectionError('<urllib3.connection.HTTPConnection object at 0x00000286A1425950>: Failed to establish a new connection: [WinError 10061] No connection could be made because the target machine actively refused it')': /session/8cc97740cc80aec755b87b86fd51c59b
2025-04-29 12:05:47,427 -urllib3.connectionpool - WARNING - Retrying (Retry(total=0, connect=None, read=None, redirect=None, status=None)) after connection broken by 'NewConnectionError('<urllib3.connection.HTTPConnection object at 0x00000286A1355E00>: Failed to establish a new connection: [WinError 10061] No connection could be made because the target machine actively refused it')': /session/8cc97740cc80aec755b87b86fd51c59b
2025-04-29 12:06:47,330 -root - INFO - ******************** Test_001_login *****************
2025-04-29 12:06:47,330 -root - INFO - ******************** Verifying Home Page Title *****************
2025-04-29 12:06:47,341 -root - INFO - ******************** Home Page title test is passed *****************
2025-04-29 12:06:47,343 -root - INFO - ******************** Checking login test **********************
2025-04-29 12:07:16,579 -root - INFO - ******************** Home Page title test is passed *****************
2025-04-29 12:07:16,583 -root - INFO - ******************** Checking login test **********************
2025-04-29 12:07:20,768 -root - INFO - ******************** Home Page title test is passed *****************
2025-04-29 12:07:20,771 -root - INFO - ******************** Checking login test **********************
2025-04-29 12:07:24,156 -root - INFO - ******************** Home Page title test is passed *****************
2025-04-29 12:07:24,160 -root - INFO - ******************** Checking login test **********************
2025-04-29 12:07:32,551 -root - INFO - ******************** Home Page title test is passed *****************
2025-04-29 12:07:32,554 -root - INFO - ******************** Checking login test **********************
2025-04-29 12:07:35,915 -root - INFO - ******************** Home Page title test is passed *****************
2025-04-29 12:07:35,919 -root - INFO - ******************** Checking login test **********************
2025-04-29 12:07:39,282 -root - INFO - ******************** Home Page title test is passed *****************
2025-04-29 12:07:39,285 -root - INFO - ******************** Checking login test **********************
2025-04-29 12:07:42,665 -root - INFO - ******************** Home Page title test is passed *****************
2025-04-29 12:07:42,669 -root - INFO - ******************** Checking login test **********************
2025-04-29 12:07:46,028 -root - INFO - ******************** Home Page title test is passed *****************
2025-04-29 12:08:50,522 -root - INFO - ******************** Test_001_Inventory *****************
2025-04-29 12:08:50,523 -root - INFO - ******************** Verifying inventory Home Page Title *****************
2025-04-29 12:09:26,013 -root - INFO - ******************** Home Page title test is passed *****************
2025-04-29 12:09:26,015 -root - INFO - ******************** Verifying product details *****************
2025-04-29 12:09:26,174 -root - INFO - ******************** Adding products to cart *****************
2025-04-29 12:09:30,460 -root - INFO - ******************** Home Page title test is passed *****************
2025-04-29 12:10:35,878 -root - INFO - ******************** Test_001_cart *****************
2025-04-29 12:10:35,879 -root - INFO - ******************** Verifying cart products *****************
2025-04-29 12:11:11,211 -root - INFO - ******************** Home Page title test is passed *****************
2025-04-29 12:11:11,707 -root - INFO - ******************** Verifying cart is empty by default *****************
2025-04-29 12:11:18,299 -root - INFO - ******************** Home Page title test is passed *****************
2025-04-29 12:11:18,303 -root - INFO - ******************** Removing products from cart *****************
2025-04-29 12:11:26,435 -root - INFO - ******************** Home Page title test is passed *****************
2025-04-29 12:12:17,573 -root - INFO - ******************** Test_001_Inventory *****************
2025-04-29 12:12:17,574 -root - INFO - ******************** Verifying inventory Home Page Title *****************
2025-04-29 12:12:43,047 -root - INFO - ******************** Home Page title test is passed *****************
2025-04-29 12:12:43,051 -root - INFO - ******************** Verifying product details *****************
2025-04-29 12:12:43,218 -root - INFO - ******************** Adding products to cart *****************
2025-04-29 12:12:47,566 -root - INFO - ******************** Home Page title test is passed *****************
2025-04-29 15:28:13,224 -root - INFO - ******************** Test_001_login *****************
2025-04-29 15:28:13,248 -root - INFO - ******************** Verifying Home Page Title *****************
2025-04-29 15:28:13,529 -root - INFO - ******************** Home Page title test is passed *****************
2025-04-29 16:25:44,786 -root - INFO - ******************** Test_001_Inventory *****************
2025-04-29 16:25:44,799 -root - INFO - ******************** Verifying inventory Home Page Title *****************
2025-04-29 16:25:44,863 -root - INFO - ******************** Verifying product details *****************
2025-04-29 16:26:15,581 -root - INFO - ******************** Inventory Home Page title test is passed *****************
2025-04-29 16:26:15,583 -root - INFO - ******************** Adding products to cart *****************
2025-04-29 16:26:19,798 -root - INFO - ******************** Adding products to cart test is passed *****************
2025-04-29 16:58:56,717 -root - INFO - ******************** Test_001_Inventory *****************
2025-04-29 16:58:56,730 -root - INFO - ******************** Verifying inventory Home Page Title *****************
2025-04-29 16:59:22,676 -root - INFO - ******************** Inventory Home Page title test is passed *****************
2025-04-29 16:59:22,682 -root - INFO - ******************** Verifying product details *****************
2025-04-29 16:59:22,883 -root - INFO - ******************** Adding products to cart *****************
2025-04-29 16:59:27,283 -root - INFO - ******************** Adding products to cart test is passed *****************
2025-04-29 17:02:27,771 -root - INFO - ******************** Test_001_Inventory *****************
2025-04-29 17:02:27,780 -root - INFO - ******************** Verifying inventory Home Page Title *****************
2025-04-29 17:02:53,428 -root - INFO - ******************** Inventory Home Page title test is passed *****************
2025-04-29 17:02:53,433 -root - INFO - ******************** Verifying product details *****************
2025-04-29 17:02:53,534 -root - INFO - ******************** Adding products to cart *****************
2025-04-29 17:02:57,844 -root - INFO - ******************** Adding products to cart test is passed *****************
2025-04-29 17:06:48,607 -root - INFO - ******************** Test_001_Inventory *****************
2025-04-29 17:06:48,623 -root - INFO - ******************** Verifying inventory Home Page Title *****************
2025-04-29 17:07:12,092 -root - INFO - ******************** Inventory Home Page title test is passed *****************
2025-04-29 17:07:12,099 -root - INFO - ******************** Verifying product details *****************
2025-04-29 17:07:12,276 -root - INFO - ******************** Adding products to cart *****************
2025-04-29 17:07:16,636 -root - INFO - ******************** Adding products to cart test is passed *****************
2025-04-29 17:08:02,857 -root - INFO - ******************** Test_001_Inventory *****************
2025-04-29 17:08:02,862 -root - INFO - ******************** Verifying inventory Home Page Title *****************
2025-04-29 17:08:09,993 -root - INFO - ******************** Verifying product details *****************
2025-04-29 17:08:10,067 -root - INFO - ******************** Adding products to cart *****************
2025-04-29 17:12:16,800 -root - INFO - ******************** Test_001_Inventory *****************
2025-04-29 17:12:16,800 -root - INFO - ******************** Test_001_Inventory *****************
2025-04-29 17:12:16,800 -root - INFO - ******************** Test_001_Inventory *****************
2025-04-29 17:12:16,800 -root - INFO - ******************** Test_001_Inventory *****************
2025-04-29 17:12:16,800 -root - INFO - ******************** Test_001_Inventory *****************
2025-04-29 17:12:16,813 -root - INFO - ******************** Verifying inventory Home Page Title *****************
2025-04-29 17:12:16,813 -root - INFO - ******************** Verifying inventory Home Page Title *****************
2025-04-29 17:12:16,813 -root - INFO - ******************** Verifying inventory Home Page Title *****************
2025-04-29 17:12:16,813 -root - INFO - ******************** Verifying inventory Home Page Title *****************
2025-04-29 17:12:16,813 -root - INFO - ******************** Verifying inventory Home Page Title *****************
2025-04-29 17:12:40,074 -root - INFO - ******************** Inventory Home Page title test is passed *****************
2025-04-29 17:12:40,074 -root - INFO - ******************** Inventory Home Page title test is passed *****************
2025-04-29 17:12:40,074 -root - INFO - ******************** Inventory Home Page title test is passed *****************
2025-04-29 17:12:40,074 -root - INFO - ******************** Inventory Home Page title test is passed *****************
2025-04-29 17:12:40,074 -root - INFO - ******************** Inventory Home Page title test is passed *****************
2025-04-29 17:12:40,079 -root - INFO - ******************** Adding products to cart *****************
2025-04-29 17:12:40,079 -root - INFO - ******************** Adding products to cart *****************
2025-04-29 17:12:40,079 -root - INFO - ******************** Adding products to cart *****************
2025-04-29 17:12:40,079 -root - INFO - ******************** Adding products to cart *****************
2025-04-29 17:12:40,079 -root - INFO - ******************** Adding products to cart *****************
2025-04-29 17:12:44,439 -root - INFO - ******************** Adding products to cart test is passed *****************
2025-04-29 17:12:44,439 -root - INFO - ******************** Adding products to cart test is passed *****************
2025-04-29 17:12:44,439 -root - INFO - ******************** Adding products to cart test is passed *****************
2025-04-29 17:12:44,439 -root - INFO - ******************** Adding products to cart test is passed *****************
2025-04-29 17:12:44,439 -root - INFO - ******************** Adding products to cart test is passed *****************
2025-04-29 17:12:51,656 -root - INFO - ******************** Test_001_cart *****************
2025-04-29 17:12:51,656 -root - INFO - ******************** Test_001_cart *****************
2025-04-29 17:12:51,656 -root - INFO - ******************** Test_001_cart *****************
2025-04-29 17:12:51,656 -root - INFO - ******************** Test_001_cart *****************
2025-04-29 17:12:51,656 -root - INFO - ******************** Test_001_cart *****************
2025-04-29 17:12:51,656 -root - INFO - ******************** Verifying cart products *****************
2025-04-29 17:12:51,656 -root - INFO - ******************** Verifying cart products *****************
2025-04-29 17:12:51,656 -root - INFO - ******************** Verifying cart products *****************
2025-04-29 17:12:51,656 -root - INFO - ******************** Verifying cart products *****************
2025-04-29 17:12:51,656 -root - INFO - ******************** Verifying cart products *****************
2025-04-29 17:13:43,701 -root - INFO - ******************** Cart products verification test is passed *****************
2025-04-29 17:13:43,701 -root - INFO - ******************** Cart products verification test is passed *****************
2025-04-29 17:13:43,701 -root - INFO - ******************** Cart products verification test is passed *****************
2025-04-29 17:13:43,701 -root - INFO - ******************** Cart products verification test is passed *****************
2025-04-29 17:13:43,701 -root - INFO - ******************** Cart products verification test is passed *****************
2025-04-29 17:13:44,124 -root - INFO - ******************** Verifying cart is empty by default *****************
2025-04-29 17:13:44,124 -root - INFO - ******************** Verifying cart is empty by default *****************
2025-04-29 17:13:44,124 -root - INFO - ******************** Verifying cart is empty by default *****************
2025-04-29 17:13:44,124 -root - INFO - ******************** Verifying cart is empty by default *****************
2025-04-29 17:13:44,124 -root - INFO - ******************** Verifying cart is empty by default *****************
2025-04-29 17:13:49,833 -root - INFO - ******************** verifying cart is empty test is passed *****************
2025-04-29 17:13:49,833 -root - INFO - ******************** verifying cart is empty test is passed *****************
2025-04-29 17:13:49,833 -root - INFO - ******************** verifying cart is empty test is passed *****************
2025-04-29 17:13:49,833 -root - INFO - ******************** verifying cart is empty test is passed *****************
2025-04-29 17:13:49,833 -root - INFO - ******************** verifying cart is empty test is passed *****************
2025-04-29 17:13:54,868 -root - INFO - ******************** Test_001_checkout *****************
2025-04-29 17:13:54,868 -root - INFO - ******************** Test_001_checkout *****************
2025-04-29 17:13:54,868 -root - INFO - ******************** Test_001_checkout *****************
2025-04-29 17:13:54,868 -root - INFO - ******************** Test_001_checkout *****************
2025-04-29 17:13:54,868 -root - INFO - ******************** Test_001_checkout *****************
2025-04-29 17:13:54,869 -root - INFO - ******************** Verifying checkout Page url *****************
2025-04-29 17:13:54,869 -root - INFO - ******************** Verifying checkout Page url *****************
2025-04-29 17:13:54,869 -root - INFO - ******************** Verifying checkout Page url *****************
2025-04-29 17:13:54,869 -root - INFO - ******************** Verifying checkout Page url *****************
2025-04-29 17:13:54,869 -root - INFO - ******************** Verifying checkout Page url *****************
2025-04-29 17:14:29,984 -root - INFO - ******************** Checkout page url test is passed *****************
2025-04-29 17:14:29,984 -root - INFO - ******************** Checkout page url test is passed *****************
2025-04-29 17:14:29,984 -root - INFO - ******************** Checkout page url test is passed *****************
2025-04-29 17:14:29,984 -root - INFO - ******************** Checkout page url test is passed *****************
2025-04-29 17:14:29,984 -root - INFO - ******************** Checkout page url test is passed *****************
2025-04-29 17:14:38,952 -root - INFO - ******************** Verifying finish button *****************
2025-04-29 17:14:38,952 -root - INFO - ******************** Verifying finish button *****************
2025-04-29 17:14:38,952 -root - INFO - ******************** Verifying finish button *****************
2025-04-29 17:14:38,952 -root - INFO - ******************** Verifying finish button *****************
2025-04-29 17:14:38,952 -root - INFO - ******************** Verifying finish button *****************
2025-04-29 17:14:55,511 -root - INFO - ******************** Verifying finish button test is passed *****************
2025-04-29 17:14:55,511 -root - INFO - ******************** Verifying finish button test is passed *****************
2025-04-29 17:14:55,511 -root - INFO - ******************** Verifying finish button test is passed *****************
2025-04-29 17:14:55,511 -root - INFO - ******************** Verifying finish button test is passed *****************
2025-04-29 17:14:55,511 -root - INFO - ******************** Verifying finish button test is passed *****************
2025-04-29 17:15:02,569 -root - INFO - ******************** Test_001_login *****************
2025-04-29 17:15:02,569 -root - INFO - ******************** Test_001_login *****************
2025-04-29 17:15:02,569 -root - INFO - ******************** Test_001_login *****************
2025-04-29 17:15:02,569 -root - INFO - ******************** Test_001_login *****************
2025-04-29 17:15:02,569 -root - INFO - ******************** Test_001_login *****************
2025-04-29 17:15:02,570 -root - INFO - ******************** Verifying Home Page Title *****************
2025-04-29 17:15:02,570 -root - INFO - ******************** Verifying Home Page Title *****************
2025-04-29 17:15:02,570 -root - INFO - ******************** Verifying Home Page Title *****************
2025-04-29 17:15:02,570 -root - INFO - ******************** Verifying Home Page Title *****************
2025-04-29 17:15:02,570 -root - INFO - ******************** Verifying Home Page Title *****************
2025-04-29 17:15:02,582 -root - INFO - ******************** Home Page title test is passed *****************
2025-04-29 17:15:02,582 -root - INFO - ******************** Home Page title test is passed *****************
2025-04-29 17:15:02,582 -root - INFO - ******************** Home Page title test is passed *****************
2025-04-29 17:15:02,582 -root - INFO - ******************** Home Page title test is passed *****************
2025-04-29 17:15:02,582 -root - INFO - ******************** Home Page title test is passed *****************
2025-04-29 17:15:08,457 -root - INFO - ******************** Test_001_Inventory *****************
2025-04-29 17:15:08,457 -root - INFO - ******************** Test_001_Inventory *****************
2025-04-29 17:15:08,457 -root - INFO - ******************** Test_001_Inventory *****************
2025-04-29 17:15:08,457 -root - INFO - ******************** Test_001_Inventory *****************
2025-04-29 17:15:08,457 -root - INFO - ******************** Test_001_Inventory *****************
2025-04-29 17:15:08,458 -root - INFO - ******************** Verifying inventory Home Page Title *****************
2025-04-29 17:15:08,458 -root - INFO - ******************** Verifying inventory Home Page Title *****************
2025-04-29 17:15:08,458 -root - INFO - ******************** Verifying inventory Home Page Title *****************
2025-04-29 17:15:08,458 -root - INFO - ******************** Verifying inventory Home Page Title *****************
2025-04-29 17:15:08,458 -root - INFO - ******************** Verifying inventory Home Page Title *****************
2025-04-29 17:15:30,275 -root - INFO - ******************** Inventory Home Page title test is passed *****************
2025-04-29 17:15:30,275 -root - INFO - ******************** Inventory Home Page title test is passed *****************
2025-04-29 17:15:30,275 -root - INFO - ******************** Inventory Home Page title test is passed *****************
2025-04-29 17:15:30,275 -root - INFO - ******************** Inventory Home Page title test is passed *****************
2025-04-29 17:15:30,275 -root - INFO - ******************** Inventory Home Page title test is passed *****************
2025-04-29 17:15:30,280 -root - INFO - ******************** Verifying product details *****************
2025-04-29 17:15:30,280 -root - INFO - ******************** Verifying product details *****************
2025-04-29 17:15:30,280 -root - INFO - ******************** Verifying product details *****************
2025-04-29 17:15:30,280 -root - INFO - ******************** Verifying product details *****************
2025-04-29 17:15:30,280 -root - INFO - ******************** Verifying product details *****************
2025-04-29 17:15:30,486 -root - INFO - ******************** Adding products to cart *****************
2025-04-29 17:15:30,486 -root - INFO - ******************** Adding products to cart *****************
2025-04-29 17:15:30,486 -root - INFO - ******************** Adding products to cart *****************
2025-04-29 17:15:30,486 -root - INFO - ******************** Adding products to cart *****************
2025-04-29 17:15:30,486 -root - INFO - ******************** Adding products to cart *****************
2025-04-29 17:15:34,846 -root - INFO - ******************** Adding products to cart test is passed *****************
2025-04-29 17:15:34,846 -root - INFO - ******************** Adding products to cart test is passed *****************
2025-04-29 17:15:34,846 -root - INFO - ******************** Adding products to cart test is passed *****************
2025-04-29 17:15:34,846 -root - INFO - ******************** Adding products to cart test is passed *****************
2025-04-29 17:15:34,846 -root - INFO - ******************** Adding products to cart test is passed *****************
2025-04-29 17:15:40,337 -root - INFO - ******************** Test_001_cart *****************
2025-04-29 17:15:40,337 -root - INFO - ******************** Test_001_cart *****************
2025-04-29 17:15:40,337 -root - INFO - ******************** Test_001_cart *****************
2025-04-29 17:15:40,337 -root - INFO - ******************** Test_001_cart *****************
2025-04-29 17:15:40,337 -root - INFO - ******************** Test_001_cart *****************
2025-04-29 17:15:40,338 -root - INFO - ******************** Verifying cart products *****************
2025-04-29 17:15:40,338 -root - INFO - ******************** Verifying cart products *****************
2025-04-29 17:15:40,338 -root - INFO - ******************** Verifying cart products *****************
2025-04-29 17:15:40,338 -root - INFO - ******************** Verifying cart products *****************
2025-04-29 17:15:40,338 -root - INFO - ******************** Verifying cart products *****************
2025-04-29 17:16:24,605 -root - INFO - ******************** Cart products verification test is passed *****************
2025-04-29 17:16:24,605 -root - INFO - ******************** Cart products verification test is passed *****************
2025-04-29 17:16:24,605 -root - INFO - ******************** Cart products verification test is passed *****************
2025-04-29 17:16:24,605 -root - INFO - ******************** Cart products verification test is passed *****************
2025-04-29 17:16:24,605 -root - INFO - ******************** Cart products verification test is passed *****************
2025-04-29 17:16:25,074 -root - INFO - ******************** Verifying cart is empty by default *****************
2025-04-29 17:16:25,074 -root - INFO - ******************** Verifying cart is empty by default *****************
2025-04-29 17:16:25,074 -root - INFO - ******************** Verifying cart is empty by default *****************
2025-04-29 17:16:25,074 -root - INFO - ******************** Verifying cart is empty by default *****************
2025-04-29 17:16:25,074 -root - INFO - ******************** Verifying cart is empty by default *****************
2025-04-29 17:16:30,713 -root - INFO - ******************** verifying cart is empty test is passed *****************
2025-04-29 17:16:30,713 -root - INFO - ******************** verifying cart is empty test is passed *****************
2025-04-29 17:16:30,713 -root - INFO - ******************** verifying cart is empty test is passed *****************
2025-04-29 17:16:30,713 -root - INFO - ******************** verifying cart is empty test is passed *****************
2025-04-29 17:16:30,713 -root - INFO - ******************** verifying cart is empty test is passed *****************
2025-04-29 17:16:30,718 -root - INFO - ******************** Removing products from cart *****************
2025-04-29 17:16:30,718 -root - INFO - ******************** Removing products from cart *****************
2025-04-29 17:16:30,718 -root - INFO - ******************** Removing products from cart *****************
2025-04-29 17:16:30,718 -root - INFO - ******************** Removing products from cart *****************
2025-04-29 17:16:30,718 -root - INFO - ******************** Removing products from cart *****************
2025-04-29 17:16:39,029 -root - INFO - ******************** Removing products from cart test is passed *****************
2025-04-29 17:16:39,029 -root - INFO - ******************** Removing products from cart test is passed *****************
2025-04-29 17:16:39,029 -root - INFO - ******************** Removing products from cart test is passed *****************
2025-04-29 17:16:39,029 -root - INFO - ******************** Removing products from cart test is passed *****************
2025-04-29 17:16:39,029 -root - INFO - ******************** Removing products from cart test is passed *****************
2025-04-29 17:16:44,857 -root - INFO - ******************** Test_001_checkout *****************
2025-04-29 17:16:44,857 -root - INFO - ******************** Test_001_checkout *****************
2025-04-29 17:16:44,857 -root - INFO - ******************** Test_001_checkout *****************
2025-04-29 17:16:44,857 -root - INFO - ******************** Test_001_checkout *****************
2025-04-29 17:16:44,857 -root - INFO - ******************** Test_001_checkout *****************
2025-04-29 17:16:44,858 -root - INFO - ******************** Verifying checkout Page url *****************
2025-04-29 17:16:44,858 -root - INFO - ******************** Verifying checkout Page url *****************
2025-04-29 17:16:44,858 -root - INFO - ******************** Verifying checkout Page url *****************
2025-04-29 17:16:44,858 -root - INFO - ******************** Verifying checkout Page url *****************
2025-04-29 17:16:44,858 -root - INFO - ******************** Verifying checkout Page url *****************
2025-04-29 17:17:23,331 -root - INFO - ******************** Checkout page url test is passed *****************
2025-04-29 17:17:23,331 -root - INFO - ******************** Checkout page url test is passed *****************
2025-04-29 17:17:23,331 -root - INFO - ******************** Checkout page url test is passed *****************
2025-04-29 17:17:23,331 -root - INFO - ******************** Checkout page url test is passed *****************
2025-04-29 17:17:23,331 -root - INFO - ******************** Checkout page url test is passed *****************
2025-04-29 17:17:26,086 -root - INFO - ******************** Verifying checkout items *****************
2025-04-29 17:17:26,086 -root - INFO - ******************** Verifying checkout items *****************
2025-04-29 17:17:26,086 -root - INFO - ******************** Verifying checkout items *****************
2025-04-29 17:17:26,086 -root - INFO - ******************** Verifying checkout items *****************
2025-04-29 17:17:26,086 -root - INFO - ******************** Verifying checkout items *****************
2025-04-29 17:17:40,395 -root - INFO - ******************** checkout items verification test is passed *****************
2025-04-29 17:17:40,395 -root - INFO - ******************** checkout items verification test is passed *****************
2025-04-29 17:17:40,395 -root - INFO - ******************** checkout items verification test is passed *****************
2025-04-29 17:17:40,395 -root - INFO - ******************** checkout items verification test is passed *****************
2025-04-29 17:17:40,395 -root - INFO - ******************** checkout items verification test is passed *****************
2025-04-29 17:17:40,848 -root - INFO - ******************** Verifying finish button *****************
2025-04-29 17:17:40,848 -root - INFO - ******************** Verifying finish button *****************
2025-04-29 17:17:40,848 -root - INFO - ******************** Verifying finish button *****************
2025-04-29 17:17:40,848 -root - INFO - ******************** Verifying finish button *****************
2025-04-29 17:17:40,848 -root - INFO - ******************** Verifying finish button *****************
2025-04-29 17:17:57,492 -root - INFO - ******************** Verifying finish button test is passed *****************
2025-04-29 17:17:57,492 -root - INFO - ******************** Verifying finish button test is passed *****************
2025-04-29 17:17:57,492 -root - INFO - ******************** Verifying finish button test is passed *****************
2025-04-29 17:17:57,492 -root - INFO - ******************** Verifying finish button test is passed *****************
2025-04-29 17:17:57,492 -root - INFO - ******************** Verifying finish button test is passed *****************
2025-04-29 17:18:02,791 -root - INFO - ******************** Test_001_login *****************
2025-04-29 17:18:02,791 -root - INFO - ******************** Test_001_login *****************
2025-04-29 17:18:02,791 -root - INFO - ******************** Test_001_login *****************
2025-04-29 17:18:02,791 -root - INFO - ******************** Test_001_login *****************
2025-04-29 17:18:02,791 -root - INFO - ******************** Test_001_login *****************
2025-04-29 17:18:02,792 -root - INFO - ******************** Verifying Home Page Title *****************
2025-04-29 17:18:02,792 -root - INFO - ******************** Verifying Home Page Title *****************
2025-04-29 17:18:02,792 -root - INFO - ******************** Verifying Home Page Title *****************
2025-04-29 17:18:02,792 -root - INFO - ******************** Verifying Home Page Title *****************
2025-04-29 17:18:02,792 -root - INFO - ******************** Verifying Home Page Title *****************
2025-04-29 17:18:02,798 -root - INFO - ******************** Home Page title test is passed *****************
2025-04-29 17:18:02,798 -root - INFO - ******************** Home Page title test is passed *****************
2025-04-29 17:18:02,798 -root - INFO - ******************** Home Page title test is passed *****************
2025-04-29 17:18:02,798 -root - INFO - ******************** Home Page title test is passed *****************
2025-04-29 17:18:02,798 -root - INFO - ******************** Home Page title test is passed *****************
2025-04-29 17:18:02,803 -root - INFO - ******************** Checking login test **********************
2025-04-29 17:18:02,803 -root - INFO - ******************** Checking login test **********************
2025-04-29 17:18:02,803 -root - INFO - ******************** Checking login test **********************
2025-04-29 17:18:02,803 -root - INFO - ******************** Checking login test **********************
2025-04-29 17:18:02,803 -root - INFO - ******************** Checking login test **********************
2025-04-29 17:18:29,992 -root - INFO - ******************** Login test is passed *****************
2025-04-29 17:18:29,992 -root - INFO - ******************** Login test is passed *****************
2025-04-29 17:18:29,992 -root - INFO - ******************** Login test is passed *****************
2025-04-29 17:18:29,992 -root - INFO - ******************** Login test is passed *****************
2025-04-29 17:18:29,992 -root - INFO - ******************** Login test is passed *****************
2025-04-29 17:18:29,997 -root - INFO - ******************** Checking login test **********************
2025-04-29 17:18:29,997 -root - INFO - ******************** Checking login test **********************
2025-04-29 17:18:29,997 -root - INFO - ******************** Checking login test **********************
2025-04-29 17:18:29,997 -root - INFO - ******************** Checking login test **********************
2025-04-29 17:18:29,997 -root - INFO - ******************** Checking login test **********************
2025-04-29 17:18:34,181 -root - INFO - ******************** Login test is passed *****************
2025-04-29 17:18:34,181 -root - INFO - ******************** Login test is passed *****************
2025-04-29 17:18:34,181 -root - INFO - ******************** Login test is passed *****************
2025-04-29 17:18:34,181 -root - INFO - ******************** Login test is passed *****************
2025-04-29 17:18:34,181 -root - INFO - ******************** Login test is passed *****************
2025-04-29 17:18:34,185 -root - INFO - ******************** Checking login test **********************
2025-04-29 17:18:34,185 -root - INFO - ******************** Checking login test **********************
2025-04-29 17:18:34,185 -root - INFO - ******************** Checking login test **********************
2025-04-29 17:18:34,185 -root - INFO - ******************** Checking login test **********************
2025-04-29 17:18:34,185 -root - INFO - ******************** Checking login test **********************
2025-04-29 17:18:37,545 -root - INFO - ******************** Login test is passed *****************
2025-04-29 17:18:37,545 -root - INFO - ******************** Login test is passed *****************
2025-04-29 17:18:37,545 -root - INFO - ******************** Login test is passed *****************
2025-04-29 17:18:37,545 -root - INFO - ******************** Login test is passed *****************
2025-04-29 17:18:37,545 -root - INFO - ******************** Login test is passed *****************
2025-04-29 17:18:37,549 -root - INFO - ******************** Checking login test **********************
2025-04-29 17:18:37,549 -root - INFO - ******************** Checking login test **********************
2025-04-29 17:18:37,549 -root - INFO - ******************** Checking login test **********************
2025-04-29 17:18:37,549 -root - INFO - ******************** Checking login test **********************
2025-04-29 17:18:37,549 -root - INFO - ******************** Checking login test **********************
2025-04-29 17:18:45,965 -root - INFO - ******************** Login test is passed *****************
2025-04-29 17:18:45,965 -root - INFO - ******************** Login test is passed *****************
2025-04-29 17:18:45,965 -root - INFO - ******************** Login test is passed *****************
2025-04-29 17:18:45,965 -root - INFO - ******************** Login test is passed *****************
2025-04-29 17:18:45,965 -root - INFO - ******************** Login test is passed *****************
2025-04-29 17:18:45,969 -root - INFO - ******************** Checking login test **********************
2025-04-29 17:18:45,969 -root - INFO - ******************** Checking login test **********************
2025-04-29 17:18:45,969 -root - INFO - ******************** Checking login test **********************
2025-04-29 17:18:45,969 -root - INFO - ******************** Checking login test **********************
2025-04-29 17:18:45,969 -root - INFO - ******************** Checking login test **********************
2025-04-29 17:18:49,339 -root - INFO - ******************** Login test is passed *****************
2025-04-29 17:18:49,339 -root - INFO - ******************** Login test is passed *****************
2025-04-29 17:18:49,339 -root - INFO - ******************** Login test is passed *****************
2025-04-29 17:18:49,339 -root - INFO - ******************** Login test is passed *****************
2025-04-29 17:18:49,339 -root - INFO - ******************** Login test is passed *****************
2025-04-29 17:18:49,344 -root - INFO - ******************** Checking login test **********************
2025-04-29 17:18:49,344 -root - INFO - ******************** Checking login test **********************
2025-04-29 17:18:49,344 -root - INFO - ******************** Checking login test **********************
2025-04-29 17:18:49,344 -root - INFO - ******************** Checking login test **********************
2025-04-29 17:18:49,344 -root - INFO - ******************** Checking login test **********************
2025-04-29 17:18:52,752 -root - INFO - ******************** Login test is passed *****************
2025-04-29 17:18:52,752 -root - INFO - ******************** Login test is passed *****************
2025-04-29 17:18:52,752 -root - INFO - ******************** Login test is passed *****************
2025-04-29 17:18:52,752 -root - INFO - ******************** Login test is passed *****************
2025-04-29 17:18:52,752 -root - INFO - ******************** Login test is passed *****************
2025-04-29 17:18:52,755 -root - INFO - ******************** Checking login test **********************
2025-04-29 17:18:52,755 -root - INFO - ******************** Checking login test **********************
2025-04-29 17:18:52,755 -root - INFO - ******************** Checking login test **********************
2025-04-29 17:18:52,755 -root - INFO - ******************** Checking login test **********************
2025-04-29 17:18:52,755 -root - INFO - ******************** Checking login test **********************
2025-04-29 17:18:56,130 -root - INFO - ******************** Login test is passed *****************
2025-04-29 17:18:56,130 -root - INFO - ******************** Login test is passed *****************
2025-04-29 17:18:56,130 -root - INFO - ******************** Login test is passed *****************
2025-04-29 17:18:56,130 -root - INFO - ******************** Login test is passed *****************
2025-04-29 17:18:56,130 -root - INFO - ******************** Login test is passed *****************
2025-04-29 17:18:56,135 -root - INFO - ******************** Checking login test **********************
2025-04-29 17:18:56,135 -root - INFO - ******************** Checking login test **********************
2025-04-29 17:18:56,135 -root - INFO - ******************** Checking login test **********************
2025-04-29 17:18:56,135 -root - INFO - ******************** Checking login test **********************
2025-04-29 17:18:56,135 -root - INFO - ******************** Checking login test **********************
2025-04-29 17:18:59,507 -root - INFO - ******************** Login test is passed *****************
2025-04-29 17:18:59,507 -root - INFO - ******************** Login test is passed *****************
2025-04-29 17:18:59,507 -root - INFO - ******************** Login test is passed *****************
2025-04-29 17:18:59,507 -root - INFO - ******************** Login test is passed *****************
2025-04-29 17:18:59,507 -root - INFO - ******************** Login test is passed *****************
2025-04-29 17:19:04,826 -root - INFO - ******************** Test_001_login *****************
2025-04-29 17:19:04,826 -root - INFO - ******************** Test_001_login *****************
2025-04-29 17:19:04,826 -root - INFO - ******************** Test_001_login *****************
2025-04-29 17:19:04,826 -root - INFO - ******************** Test_001_login *****************
2025-04-29 17:19:04,826 -root - INFO - ******************** Test_001_login *****************
2025-04-29 17:19:04,827 -root - INFO - ******************** Checking login test **********************
2025-04-29 17:19:04,827 -root - INFO - ******************** Checking login test **********************
2025-04-29 17:19:04,827 -root - INFO - ******************** Checking login test **********************
2025-04-29 17:19:04,827 -root - INFO - ******************** Checking login test **********************
2025-04-29 17:19:04,827 -root - INFO - ******************** Checking login test **********************
2025-04-29 17:20:18,399 -root - INFO - ***************** Login test passed ***************
2025-04-29 17:20:18,399 -root - INFO - ***************** Login test passed ***************
2025-04-29 17:20:18,399 -root - INFO - ***************** Login test passed ***************
2025-04-29 17:20:18,399 -root - INFO - ***************** Login test passed ***************
2025-04-29 17:20:18,399 -root - INFO - ***************** Login test passed ***************
2025-04-29 17:20:24,708 -urllib3.connectionpool - WARNING - Retrying (Retry(total=2, connect=None, read=None, redirect=None, status=None)) after connection broken by 'NewConnectionError('<urllib3.connection.HTTPConnection object at 0x00000181F050B9B0>: Failed to establish a new connection: [WinError 10061] No connection could be made because the target machine actively refused it')': /session/c19b217607b344aaf675b38d227ccbd6
2025-04-29 17:20:24,708 -urllib3.connectionpool - WARNING - Retrying (Retry(total=2, connect=None, read=None, redirect=None, status=None)) after connection broken by 'NewConnectionError('<urllib3.connection.HTTPConnection object at 0x00000181F050B9B0>: Failed to establish a new connection: [WinError 10061] No connection could be made because the target machine actively refused it')': /session/c19b217607b344aaf675b38d227ccbd6
2025-04-29 17:20:24,708 -urllib3.connectionpool - WARNING - Retrying (Retry(total=2, connect=None, read=None, redirect=None, status=None)) after connection broken by 'NewConnectionError('<urllib3.connection.HTTPConnection object at 0x00000181F050B9B0>: Failed to establish a new connection: [WinError 10061] No connection could be made because the target machine actively refused it')': /session/c19b217607b344aaf675b38d227ccbd6
2025-04-29 17:20:24,708 -urllib3.connectionpool - WARNING - Retrying (Retry(total=2, connect=None, read=None, redirect=None, status=None)) after connection broken by 'NewConnectionError('<urllib3.connection.HTTPConnection object at 0x00000181F050B9B0>: Failed to establish a new connection: [WinError 10061] No connection could be made because the target machine actively refused it')': /session/c19b217607b344aaf675b38d227ccbd6
2025-04-29 17:20:24,708 -urllib3.connectionpool - WARNING - Retrying (Retry(total=2, connect=None, read=None, redirect=None, status=None)) after connection broken by 'NewConnectionError('<urllib3.connection.HTTPConnection object at 0x00000181F050B9B0>: Failed to establish a new connection: [WinError 10061] No connection could be made because the target machine actively refused it')': /session/c19b217607b344aaf675b38d227ccbd6
2025-04-29 17:20:28,752 -urllib3.connectionpool - WARNING - Retrying (Retry(total=1, connect=None, read=None, redirect=None, status=None)) after connection broken by 'NewConnectionError('<urllib3.connection.HTTPConnection object at 0x00000181F092C6B0>: Failed to establish a new connection: [WinError 10061] No connection could be made because the target machine actively refused it')': /session/c19b217607b344aaf675b38d227ccbd6
2025-04-29 17:20:28,752 -urllib3.connectionpool - WARNING - Retrying (Retry(total=1, connect=None, read=None, redirect=None, status=None)) after connection broken by 'NewConnectionError('<urllib3.connection.HTTPConnection object at 0x00000181F092C6B0>: Failed to establish a new connection: [WinError 10061] No connection could be made because the target machine actively refused it')': /session/c19b217607b344aaf675b38d227ccbd6
2025-04-29 17:20:28,752 -urllib3.connectionpool - WARNING - Retrying (Retry(total=1, connect=None, read=None, redirect=None, status=None)) after connection broken by 'NewConnectionError('<urllib3.connection.HTTPConnection object at 0x00000181F092C6B0>: Failed to establish a new connection: [WinError 10061] No connection could be made because the target machine actively refused it')': /session/c19b217607b344aaf675b38d227ccbd6
2025-04-29 17:20:28,752 -urllib3.connectionpool - WARNING - Retrying (Retry(total=1, connect=None, read=None, redirect=None, status=None)) after connection broken by 'NewConnectionError('<urllib3.connection.HTTPConnection object at 0x00000181F092C6B0>: Failed to establish a new connection: [WinError 10061] No connection could be made because the target machine actively refused it')': /session/c19b217607b344aaf675b38d227ccbd6
2025-04-29 17:20:28,752 -urllib3.connectionpool - WARNING - Retrying (Retry(total=1, connect=None, read=None, redirect=None, status=None)) after connection broken by 'NewConnectionError('<urllib3.connection.HTTPConnection object at 0x00000181F092C6B0>: Failed to establish a new connection: [WinError 10061] No connection could be made because the target machine actively refused it')': /session/c19b217607b344aaf675b38d227ccbd6
2025-04-29 17:20:32,808 -urllib3.connectionpool - WARNING - Retrying (Retry(total=0, connect=None, read=None, redirect=None, status=None)) after connection broken by 'NewConnectionError('<urllib3.connection.HTTPConnection object at 0x00000181F092F240>: Failed to establish a new connection: [WinError 10061] No connection could be made because the target machine actively refused it')': /session/c19b217607b344aaf675b38d227ccbd6
2025-04-29 17:20:32,808 -urllib3.connectionpool - WARNING - Retrying (Retry(total=0, connect=None, read=None, redirect=None, status=None)) after connection broken by 'NewConnectionError('<urllib3.connection.HTTPConnection object at 0x00000181F092F240>: Failed to establish a new connection: [WinError 10061] No connection could be made because the target machine actively refused it')': /session/c19b217607b344aaf675b38d227ccbd6
2025-04-29 17:20:32,808 -urllib3.connectionpool - WARNING - Retrying (Retry(total=0, connect=None, read=None, redirect=None, status=None)) after connection broken by 'NewConnectionError('<urllib3.connection.HTTPConnection object at 0x00000181F092F240>: Failed to establish a new connection: [WinError 10061] No connection could be made because the target machine actively refused it')': /session/c19b217607b344aaf675b38d227ccbd6
2025-04-29 17:20:32,808 -urllib3.connectionpool - WARNING - Retrying (Retry(total=0, connect=None, read=None, redirect=None, status=None)) after connection broken by 'NewConnectionError('<urllib3.connection.HTTPConnection object at 0x00000181F092F240>: Failed to establish a new connection: [WinError 10061] No connection could be made because the target machine actively refused it')': /session/c19b217607b344aaf675b38d227ccbd6
2025-04-29 17:20:32,808 -urllib3.connectionpool - WARNING - Retrying (Retry(total=0, connect=None, read=None, redirect=None, status=None)) after connection broken by 'NewConnectionError('<urllib3.connection.HTTPConnection object at 0x00000181F092F240>: Failed to establish a new connection: [WinError 10061] No connection could be made because the target machine actively refused it')': /session/c19b217607b344aaf675b38d227ccbd6
2025-04-29 17:20:40,986 -root - INFO - ******************** Test_001_Inventory *****************
2025-04-29 17:20:40,986 -root - INFO - ******************** Test_001_Inventory *****************
2025-04-29 17:20:40,986 -root - INFO - ******************** Test_001_Inventory *****************
2025-04-29 17:20:40,986 -root - INFO - ******************** Test_001_Inventory *****************
2025-04-29 17:20:40,986 -root - INFO - ******************** Test_001_Inventory *****************
2025-04-29 17:20:40,987 -root - INFO - ******************** Verifying inventory Home Page Title *****************
2025-04-29 17:20:40,987 -root - INFO - ******************** Verifying inventory Home Page Title *****************
2025-04-29 17:20:40,987 -root - INFO - ******************** Verifying inventory Home Page Title *****************
2025-04-29 17:20:40,987 -root - INFO - ******************** Verifying inventory Home Page Title *****************
2025-04-29 17:20:40,987 -root - INFO - ******************** Verifying inventory Home Page Title *****************
2025-04-29 17:21:22,323 -root - INFO - ******************** Inventory Home Page title test is passed *****************
2025-04-29 17:21:22,323 -root - INFO - ******************** Inventory Home Page title test is passed *****************
2025-04-29 17:21:22,323 -root - INFO - ******************** Inventory Home Page title test is passed *****************
2025-04-29 17:21:22,323 -root - INFO - ******************** Inventory Home Page title test is passed *****************
2025-04-29 17:21:22,323 -root - INFO - ******************** Inventory Home Page title test is passed *****************
2025-04-29 17:21:22,327 -root - INFO - ******************** Adding products to cart *****************
2025-04-29 17:21:22,327 -root - INFO - ******************** Adding products to cart *****************
2025-04-29 17:21:22,327 -root - INFO - ******************** Adding products to cart *****************
2025-04-29 17:21:22,327 -root - INFO - ******************** Adding products to cart *****************
2025-04-29 17:21:22,327 -root - INFO - ******************** Adding products to cart *****************
2025-04-29 17:21:26,709 -root - INFO - ******************** Adding products to cart test is passed *****************
2025-04-29 17:21:26,709 -root - INFO - ******************** Adding products to cart test is passed *****************
2025-04-29 17:21:26,709 -root - INFO - ******************** Adding products to cart test is passed *****************
2025-04-29 17:21:26,709 -root - INFO - ******************** Adding products to cart test is passed *****************
2025-04-29 17:21:26,709 -root - INFO - ******************** Adding products to cart test is passed *****************
2025-04-29 17:21:32,086 -root - INFO - ******************** Test_001_cart *****************
2025-04-29 17:21:32,086 -root - INFO - ******************** Test_001_cart *****************
2025-04-29 17:21:32,086 -root - INFO - ******************** Test_001_cart *****************
2025-04-29 17:21:32,086 -root - INFO - ******************** Test_001_cart *****************
2025-04-29 17:21:32,086 -root - INFO - ******************** Test_001_cart *****************
2025-04-29 17:21:32,087 -root - INFO - ******************** Verifying cart products *****************
2025-04-29 17:21:32,087 -root - INFO - ******************** Verifying cart products *****************
2025-04-29 17:21:32,087 -root - INFO - ******************** Verifying cart products *****************
2025-04-29 17:21:32,087 -root - INFO - ******************** Verifying cart products *****************
2025-04-29 17:21:32,087 -root - INFO - ******************** Verifying cart products *****************
2025-04-29 17:22:03,759 -root - INFO - ******************** Cart products verification test is passed *****************
2025-04-29 17:22:03,759 -root - INFO - ******************** Cart products verification test is passed *****************
2025-04-29 17:22:03,759 -root - INFO - ******************** Cart products verification test is passed *****************
2025-04-29 17:22:03,759 -root - INFO - ******************** Cart products verification test is passed *****************
2025-04-29 17:22:03,759 -root - INFO - ******************** Cart products verification test is passed *****************
2025-04-29 17:22:09,328 -root - INFO - ******************** Test_001_checkout *****************
2025-04-29 17:22:09,328 -root - INFO - ******************** Test_001_checkout *****************
2025-04-29 17:22:09,328 -root - INFO - ******************** Test_001_checkout *****************
2025-04-29 17:22:09,328 -root - INFO - ******************** Test_001_checkout *****************
2025-04-29 17:22:09,328 -root - INFO - ******************** Test_001_checkout *****************
2025-04-29 17:22:09,329 -root - INFO - ******************** Verifying checkout Page url *****************
2025-04-29 17:22:09,329 -root - INFO - ******************** Verifying checkout Page url *****************
2025-04-29 17:22:09,329 -root - INFO - ******************** Verifying checkout Page url *****************
2025-04-29 17:22:09,329 -root - INFO - ******************** Verifying checkout Page url *****************
2025-04-29 17:22:09,329 -root - INFO - ******************** Verifying checkout Page url *****************
2025-04-29 17:22:38,412 -root - INFO - ******************** Checkout page url test is passed *****************
2025-04-29 17:22:38,412 -root - INFO - ******************** Checkout page url test is passed *****************
2025-04-29 17:22:38,412 -root - INFO - ******************** Checkout page url test is passed *****************
2025-04-29 17:22:38,412 -root - INFO - ******************** Checkout page url test is passed *****************
2025-04-29 17:22:38,412 -root - INFO - ******************** Checkout page url test is passed *****************
2025-04-29 17:22:41,147 -root - INFO - ******************** Verifying finish button *****************
2025-04-29 17:22:41,147 -root - INFO - ******************** Verifying finish button *****************
2025-04-29 17:22:41,147 -root - INFO - ******************** Verifying finish button *****************
2025-04-29 17:22:41,147 -root - INFO - ******************** Verifying finish button *****************
2025-04-29 17:22:41,147 -root - INFO - ******************** Verifying finish button *****************
2025-04-29 17:22:57,785 -root - INFO - ******************** Verifying finish button test is passed *****************
2025-04-29 17:22:57,785 -root - INFO - ******************** Verifying finish button test is passed *****************
2025-04-29 17:22:57,785 -root - INFO - ******************** Verifying finish button test is passed *****************
2025-04-29 17:22:57,785 -root - INFO - ******************** Verifying finish button test is passed *****************
2025-04-29 17:22:57,785 -root - INFO - ******************** Verifying finish button test is passed *****************
2025-04-29 17:23:02,909 -root - INFO - ******************** Test_001_login *****************
2025-04-29 17:23:02,909 -root - INFO - ******************** Test_001_login *****************
2025-04-29 17:23:02,909 -root - INFO - ******************** Test_001_login *****************
2025-04-29 17:23:02,909 -root - INFO - ******************** Test_001_login *****************
2025-04-29 17:23:02,909 -root - INFO - ******************** Test_001_login *****************
2025-04-29 17:23:02,910 -root - INFO - ******************** Verifying Home Page Title *****************
2025-04-29 17:23:02,910 -root - INFO - ******************** Verifying Home Page Title *****************
2025-04-29 17:23:02,910 -root - INFO - ******************** Verifying Home Page Title *****************
2025-04-29 17:23:02,910 -root - INFO - ******************** Verifying Home Page Title *****************
2025-04-29 17:23:02,910 -root - INFO - ******************** Verifying Home Page Title *****************
2025-04-29 17:23:02,917 -root - INFO - ******************** Home Page title test is passed *****************
2025-04-29 17:23:02,917 -root - INFO - ******************** Home Page title test is passed *****************
2025-04-29 17:23:02,917 -root - INFO - ******************** Home Page title test is passed *****************
2025-04-29 17:23:02,917 -root - INFO - ******************** Home Page title test is passed *****************
2025-04-29 17:23:02,917 -root - INFO - ******************** Home Page title test is passed *****************
2025-04-29 17:23:08,847 -root - INFO - ******************** Test_001_Inventory *****************
2025-04-29 17:23:08,847 -root - INFO - ******************** Test_001_Inventory *****************
2025-04-29 17:23:08,847 -root - INFO - ******************** Test_001_Inventory *****************
2025-04-29 17:23:08,847 -root - INFO - ******************** Test_001_Inventory *****************
2025-04-29 17:23:08,847 -root - INFO - ******************** Test_001_Inventory *****************
2025-04-29 17:23:08,848 -root - INFO - ******************** Verifying inventory Home Page Title *****************
2025-04-29 17:23:08,848 -root - INFO - ******************** Verifying inventory Home Page Title *****************
2025-04-29 17:23:08,848 -root - INFO - ******************** Verifying inventory Home Page Title *****************
2025-04-29 17:23:08,848 -root - INFO - ******************** Verifying inventory Home Page Title *****************
2025-04-29 17:23:08,848 -root - INFO - ******************** Verifying inventory Home Page Title *****************
2025-04-29 17:23:43,538 -root - INFO - ******************** Inventory Home Page title test is passed *****************
2025-04-29 17:23:43,538 -root - INFO - ******************** Inventory Home Page title test is passed *****************
2025-04-29 17:23:43,538 -root - INFO - ******************** Inventory Home Page title test is passed *****************
2025-04-29 17:23:43,538 -root - INFO - ******************** Inventory Home Page title test is passed *****************
2025-04-29 17:23:43,538 -root - INFO - ******************** Inventory Home Page title test is passed *****************
2025-04-29 17:23:43,542 -root - INFO - ******************** Verifying product details *****************
2025-04-29 17:23:43,542 -root - INFO - ******************** Verifying product details *****************
2025-04-29 17:23:43,542 -root - INFO - ******************** Verifying product details *****************
2025-04-29 17:23:43,542 -root - INFO - ******************** Verifying product details *****************
2025-04-29 17:23:43,542 -root - INFO - ******************** Verifying product details *****************
2025-04-29 17:23:43,696 -root - INFO - ******************** Adding products to cart *****************
2025-04-29 17:23:43,696 -root - INFO - ******************** Adding products to cart *****************
2025-04-29 17:23:43,696 -root - INFO - ******************** Adding products to cart *****************
2025-04-29 17:23:43,696 -root - INFO - ******************** Adding products to cart *****************
2025-04-29 17:23:43,696 -root - INFO - ******************** Adding products to cart *****************
2025-04-29 17:23:48,027 -root - INFO - ******************** Adding products to cart test is passed *****************
2025-04-29 17:23:48,027 -root - INFO - ******************** Adding products to cart test is passed *****************
2025-04-29 17:23:48,027 -root - INFO - ******************** Adding products to cart test is passed *****************
2025-04-29 17:23:48,027 -root - INFO - ******************** Adding products to cart test is passed *****************
2025-04-29 17:23:48,027 -root - INFO - ******************** Adding products to cart test is passed *****************
2025-04-29 17:23:53,414 -root - INFO - ******************** Test_001_cart *****************
2025-04-29 17:23:53,414 -root - INFO - ******************** Test_001_cart *****************
2025-04-29 17:23:53,414 -root - INFO - ******************** Test_001_cart *****************
2025-04-29 17:23:53,414 -root - INFO - ******************** Test_001_cart *****************
2025-04-29 17:23:53,414 -root - INFO - ******************** Test_001_cart *****************
2025-04-29 17:23:53,414 -root - INFO - ******************** Verifying cart products *****************
2025-04-29 17:23:53,414 -root - INFO - ******************** Verifying cart products *****************
2025-04-29 17:23:53,414 -root - INFO - ******************** Verifying cart products *****************
2025-04-29 17:23:53,414 -root - INFO - ******************** Verifying cart products *****************
2025-04-29 17:23:53,414 -root - INFO - ******************** Verifying cart products *****************
2025-04-29 17:24:31,796 -root - INFO - ******************** Cart products verification test is passed *****************
2025-04-29 17:24:31,796 -root - INFO - ******************** Cart products verification test is passed *****************
2025-04-29 17:24:31,796 -root - INFO - ******************** Cart products verification test is passed *****************
2025-04-29 17:24:31,796 -root - INFO - ******************** Cart products verification test is passed *****************
2025-04-29 17:24:31,796 -root - INFO - ******************** Cart products verification test is passed *****************
2025-04-29 17:24:32,211 -root - INFO - ******************** Removing products from cart *****************
2025-04-29 17:24:32,211 -root - INFO - ******************** Removing products from cart *****************
2025-04-29 17:24:32,211 -root - INFO - ******************** Removing products from cart *****************
2025-04-29 17:24:32,211 -root - INFO - ******************** Removing products from cart *****************
2025-04-29 17:24:32,211 -root - INFO - ******************** Removing products from cart *****************
2025-04-29 17:24:40,389 -root - INFO - ******************** Removing products from cart test is passed *****************
2025-04-29 17:24:40,389 -root - INFO - ******************** Removing products from cart test is passed *****************
2025-04-29 17:24:40,389 -root - INFO - ******************** Removing products from cart test is passed *****************
2025-04-29 17:24:40,389 -root - INFO - ******************** Removing products from cart test is passed *****************
2025-04-29 17:24:40,389 -root - INFO - ******************** Removing products from cart test is passed *****************
2025-04-29 17:24:45,520 -root - INFO - ******************** Test_001_checkout *****************
2025-04-29 17:24:45,520 -root - INFO - ******************** Test_001_checkout *****************
2025-04-29 17:24:45,520 -root - INFO - ******************** Test_001_checkout *****************
2025-04-29 17:24:45,520 -root - INFO - ******************** Test_001_checkout *****************
2025-04-29 17:24:45,520 -root - INFO - ******************** Test_001_checkout *****************
2025-04-29 17:24:45,520 -root - INFO - ******************** Verifying checkout Page url *****************
2025-04-29 17:24:45,520 -root - INFO - ******************** Verifying checkout Page url *****************
2025-04-29 17:24:45,520 -root - INFO - ******************** Verifying checkout Page url *****************
2025-04-29 17:24:45,520 -root - INFO - ******************** Verifying checkout Page url *****************
2025-04-29 17:24:45,520 -root - INFO - ******************** Verifying checkout Page url *****************
2025-04-29 17:25:22,670 -root - INFO - ******************** Checkout page url test is passed *****************
2025-04-29 17:25:22,670 -root - INFO - ******************** Checkout page url test is passed *****************
2025-04-29 17:25:22,670 -root - INFO - ******************** Checkout page url test is passed *****************
2025-04-29 17:25:22,670 -root - INFO - ******************** Checkout page url test is passed *****************
2025-04-29 17:25:22,670 -root - INFO - ******************** Checkout page url test is passed *****************
2025-04-29 17:25:26,225 -root - INFO - ******************** Verifying checkout items *****************
2025-04-29 17:25:26,225 -root - INFO - ******************** Verifying checkout items *****************
2025-04-29 17:25:26,225 -root - INFO - ******************** Verifying checkout items *****************
2025-04-29 17:25:26,225 -root - INFO - ******************** Verifying checkout items *****************
2025-04-29 17:25:26,225 -root - INFO - ******************** Verifying checkout items *****************
2025-04-29 17:25:40,577 -root - INFO - ******************** checkout items verification test is passed *****************
2025-04-29 17:25:40,577 -root - INFO - ******************** checkout items verification test is passed *****************
2025-04-29 17:25:40,577 -root - INFO - ******************** checkout items verification test is passed *****************
2025-04-29 17:25:40,577 -root - INFO - ******************** checkout items verification test is passed *****************
2025-04-29 17:25:40,577 -root - INFO - ******************** checkout items verification test is passed *****************
2025-04-29 17:25:40,989 -root - INFO - ******************** Verifying finish button *****************
2025-04-29 17:25:40,989 -root - INFO - ******************** Verifying finish button *****************
2025-04-29 17:25:40,989 -root - INFO - ******************** Verifying finish button *****************
2025-04-29 17:25:40,989 -root - INFO - ******************** Verifying finish button *****************
2025-04-29 17:25:40,989 -root - INFO - ******************** Verifying finish button *****************
2025-04-29 17:25:57,381 -root - INFO - ******************** Verifying finish button test is passed *****************
2025-04-29 17:25:57,381 -root - INFO - ******************** Verifying finish button test is passed *****************
2025-04-29 17:25:57,381 -root - INFO - ******************** Verifying finish button test is passed *****************
2025-04-29 17:25:57,381 -root - INFO - ******************** Verifying finish button test is passed *****************
2025-04-29 17:25:57,381 -root - INFO - ******************** Verifying finish button test is passed *****************
2025-04-29 17:26:02,804 -root - INFO - ******************** Test_001_login *****************
2025-04-29 17:26:02,804 -root - INFO - ******************** Test_001_login *****************
2025-04-29 17:26:02,804 -root - INFO - ******************** Test_001_login *****************
2025-04-29 17:26:02,804 -root - INFO - ******************** Test_001_login *****************
2025-04-29 17:26:02,804 -root - INFO - ******************** Test_001_login *****************
2025-04-29 17:26:02,806 -root - INFO - ******************** Verifying Home Page Title *****************
2025-04-29 17:26:02,806 -root - INFO - ******************** Verifying Home Page Title *****************
2025-04-29 17:26:02,806 -root - INFO - ******************** Verifying Home Page Title *****************
2025-04-29 17:26:02,806 -root - INFO - ******************** Verifying Home Page Title *****************
2025-04-29 17:26:02,806 -root - INFO - ******************** Verifying Home Page Title *****************
2025-04-29 17:26:02,815 -root - INFO - ******************** Home Page title test is passed *****************
2025-04-29 17:26:02,815 -root - INFO - ******************** Home Page title test is passed *****************
2025-04-29 17:26:02,815 -root - INFO - ******************** Home Page title test is passed *****************
2025-04-29 17:26:02,815 -root - INFO - ******************** Home Page title test is passed *****************
2025-04-29 17:26:02,815 -root - INFO - ******************** Home Page title test is passed *****************
2025-04-29 17:26:02,820 -root - INFO - ******************** Checking login test **********************
2025-04-29 17:26:02,820 -root - INFO - ******************** Checking login test **********************
2025-04-29 17:26:02,820 -root - INFO - ******************** Checking login test **********************
2025-04-29 17:26:02,820 -root - INFO - ******************** Checking login test **********************
2025-04-29 17:26:02,820 -root - INFO - ******************** Checking login test **********************
2025-04-29 17:26:44,476 -root - INFO - ******************** Login test is passed *****************
2025-04-29 17:26:44,476 -root - INFO - ******************** Login test is passed *****************
2025-04-29 17:26:44,476 -root - INFO - ******************** Login test is passed *****************
2025-04-29 17:26:44,476 -root - INFO - ******************** Login test is passed *****************
2025-04-29 17:26:44,476 -root - INFO - ******************** Login test is passed *****************
2025-04-29 17:26:44,479 -root - INFO - ******************** Checking login test **********************
2025-04-29 17:26:44,479 -root - INFO - ******************** Checking login test **********************
2025-04-29 17:26:44,479 -root - INFO - ******************** Checking login test **********************
2025-04-29 17:26:44,479 -root - INFO - ******************** Checking login test **********************
2025-04-29 17:26:44,479 -root - INFO - ******************** Checking login test **********************
2025-04-29 17:26:48,867 -root - INFO - ******************** Login test is passed *****************
2025-04-29 17:26:48,867 -root - INFO - ******************** Login test is passed *****************
2025-04-29 17:26:48,867 -root - INFO - ******************** Login test is passed *****************
2025-04-29 17:26:48,867 -root - INFO - ******************** Login test is passed *****************
2025-04-29 17:26:48,867 -root - INFO - ******************** Login test is passed *****************
2025-04-29 17:26:48,871 -root - INFO - ******************** Checking login test **********************
2025-04-29 17:26:48,871 -root - INFO - ******************** Checking login test **********************
2025-04-29 17:26:48,871 -root - INFO - ******************** Checking login test **********************
2025-04-29 17:26:48,871 -root - INFO - ******************** Checking login test **********************
2025-04-29 17:26:48,871 -root - INFO - ******************** Checking login test **********************
2025-04-29 17:26:52,293 -root - INFO - ******************** Login test is passed *****************
2025-04-29 17:26:52,293 -root - INFO - ******************** Login test is passed *****************
2025-04-29 17:26:52,293 -root - INFO - ******************** Login test is passed *****************
2025-04-29 17:26:52,293 -root - INFO - ******************** Login test is passed *****************
2025-04-29 17:26:52,293 -root - INFO - ******************** Login test is passed *****************
2025-04-29 17:26:52,298 -root - INFO - ******************** Checking login test **********************
2025-04-29 17:26:52,298 -root - INFO - ******************** Checking login test **********************
2025-04-29 17:26:52,298 -root - INFO - ******************** Checking login test **********************
2025-04-29 17:26:52,298 -root - INFO - ******************** Checking login test **********************
2025-04-29 17:26:52,298 -root - INFO - ******************** Checking login test **********************
2025-04-29 17:27:00,699 -root - INFO - ******************** Login test is passed *****************
2025-04-29 17:27:00,699 -root - INFO - ******************** Login test is passed *****************
2025-04-29 17:27:00,699 -root - INFO - ******************** Login test is passed *****************
2025-04-29 17:27:00,699 -root - INFO - ******************** Login test is passed *****************
2025-04-29 17:27:00,699 -root - INFO - ******************** Login test is passed *****************
2025-04-29 17:27:00,703 -root - INFO - ******************** Checking login test **********************
2025-04-29 17:27:00,703 -root - INFO - ******************** Checking login test **********************
2025-04-29 17:27:00,703 -root - INFO - ******************** Checking login test **********************
2025-04-29 17:27:00,703 -root - INFO - ******************** Checking login test **********************
2025-04-29 17:27:00,703 -root - INFO - ******************** Checking login test **********************
2025-04-29 17:27:04,077 -root - INFO - ******************** Login test is passed *****************
2025-04-29 17:27:04,077 -root - INFO - ******************** Login test is passed *****************
2025-04-29 17:27:04,077 -root - INFO - ******************** Login test is passed *****************
2025-04-29 17:27:04,077 -root - INFO - ******************** Login test is passed *****************
2025-04-29 17:27:04,077 -root - INFO - ******************** Login test is passed *****************
2025-04-29 17:27:04,081 -root - INFO - ******************** Checking login test **********************
2025-04-29 17:27:04,081 -root - INFO - ******************** Checking login test **********************
2025-04-29 17:27:04,081 -root - INFO - ******************** Checking login test **********************
2025-04-29 17:27:04,081 -root - INFO - ******************** Checking login test **********************
2025-04-29 17:27:04,081 -root - INFO - ******************** Checking login test **********************
2025-04-29 17:27:07,448 -root - INFO - ******************** Login test is passed *****************
2025-04-29 17:27:07,448 -root - INFO - ******************** Login test is passed *****************
2025-04-29 17:27:07,448 -root - INFO - ******************** Login test is passed *****************
2025-04-29 17:27:07,448 -root - INFO - ******************** Login test is passed *****************
2025-04-29 17:27:07,448 -root - INFO - ******************** Login test is passed *****************
2025-04-29 17:27:07,453 -root - INFO - ******************** Checking login test **********************
2025-04-29 17:27:07,453 -root - INFO - ******************** Checking login test **********************
2025-04-29 17:27:07,453 -root - INFO - ******************** Checking login test **********************
2025-04-29 17:27:07,453 -root - INFO - ******************** Checking login test **********************
2025-04-29 17:27:07,453 -root - INFO - ******************** Checking login test **********************
2025-04-29 17:27:10,733 -root - INFO - ******************** Login test is passed *****************
2025-04-29 17:27:10,733 -root - INFO - ******************** Login test is passed *****************
2025-04-29 17:27:10,733 -root - INFO - ******************** Login test is passed *****************
2025-04-29 17:27:10,733 -root - INFO - ******************** Login test is passed *****************
2025-04-29 17:27:10,733 -root - INFO - ******************** Login test is passed *****************
2025-04-29 17:27:10,738 -root - INFO - ******************** Checking login test **********************
2025-04-29 17:27:10,738 -root - INFO - ******************** Checking login test **********************
2025-04-29 17:27:10,738 -root - INFO - ******************** Checking login test **********************
2025-04-29 17:27:10,738 -root - INFO - ******************** Checking login test **********************
2025-04-29 17:27:10,738 -root - INFO - ******************** Checking login test **********************
2025-04-29 17:27:14,108 -root - INFO - ******************** Login test is passed *****************
2025-04-29 17:27:14,108 -root - INFO - ******************** Login test is passed *****************
2025-04-29 17:27:14,108 -root - INFO - ******************** Login test is passed *****************
2025-04-29 17:27:14,108 -root - INFO - ******************** Login test is passed *****************
2025-04-29 17:27:14,108 -root - INFO - ******************** Login test is passed *****************
2025-04-29 17:27:19,742 -root - INFO - ******************** Test_001_login *****************
2025-04-29 17:27:19,742 -root - INFO - ******************** Test_001_login *****************
2025-04-29 17:27:19,742 -root - INFO - ******************** Test_001_login *****************
2025-04-29 17:27:19,742 -root - INFO - ******************** Test_001_login *****************
2025-04-29 17:27:19,742 -root - INFO - ******************** Test_001_login *****************
2025-04-29 17:27:19,743 -root - INFO - ******************** Checking login test **********************
2025-04-29 17:27:19,743 -root - INFO - ******************** Checking login test **********************
2025-04-29 17:27:19,743 -root - INFO - ******************** Checking login test **********************
2025-04-29 17:27:19,743 -root - INFO - ******************** Checking login test **********************
2025-04-29 17:27:19,743 -root - INFO - ******************** Checking login test **********************
2025-04-29 17:28:40,215 -root - INFO - ***************** Login test passed ***************
2025-04-29 17:28:40,215 -root - INFO - ***************** Login test passed ***************
2025-04-29 17:28:40,215 -root - INFO - ***************** Login test passed ***************
2025-04-29 17:28:40,215 -root - INFO - ***************** Login test passed ***************
2025-04-29 17:28:40,215 -root - INFO - ***************** Login test passed ***************
2025-04-29 17:28:46,556 -urllib3.connectionpool - WARNING - Retrying (Retry(total=2, connect=None, read=None, redirect=None, status=None)) after connection broken by 'NewConnectionError('<urllib3.connection.HTTPConnection object at 0x0000019BF6FEF9B0>: Failed to establish a new connection: [WinError 10061] No connection could be made because the target machine actively refused it')': /session/7f2c5b97face815328563d0f1e006c99
2025-04-29 17:28:46,556 -urllib3.connectionpool - WARNING - Retrying (Retry(total=2, connect=None, read=None, redirect=None, status=None)) after connection broken by 'NewConnectionError('<urllib3.connection.HTTPConnection object at 0x0000019BF6FEF9B0>: Failed to establish a new connection: [WinError 10061] No connection could be made because the target machine actively refused it')': /session/7f2c5b97face815328563d0f1e006c99
2025-04-29 17:28:46,556 -urllib3.connectionpool - WARNING - Retrying (Retry(total=2, connect=None, read=None, redirect=None, status=None)) after connection broken by 'NewConnectionError('<urllib3.connection.HTTPConnection object at 0x0000019BF6FEF9B0>: Failed to establish a new connection: [WinError 10061] No connection could be made because the target machine actively refused it')': /session/7f2c5b97face815328563d0f1e006c99
2025-04-29 17:28:46,556 -urllib3.connectionpool - WARNING - Retrying (Retry(total=2, connect=None, read=None, redirect=None, status=None)) after connection broken by 'NewConnectionError('<urllib3.connection.HTTPConnection object at 0x0000019BF6FEF9B0>: Failed to establish a new connection: [WinError 10061] No connection could be made because the target machine actively refused it')': /session/7f2c5b97face815328563d0f1e006c99
2025-04-29 17:28:46,556 -urllib3.connectionpool - WARNING - Retrying (Retry(total=2, connect=None, read=None, redirect=None, status=None)) after connection broken by 'NewConnectionError('<urllib3.connection.HTTPConnection object at 0x0000019BF6FEF9B0>: Failed to establish a new connection: [WinError 10061] No connection could be made because the target machine actively refused it')': /session/7f2c5b97face815328563d0f1e006c99
2025-04-29 17:28:50,592 -urllib3.connectionpool - WARNING - Retrying (Retry(total=1, connect=None, read=None, redirect=None, status=None)) after connection broken by 'NewConnectionError('<urllib3.connection.HTTPConnection object at 0x0000019BF74045A0>: Failed to establish a new connection: [WinError 10061] No connection could be made because the target machine actively refused it')': /session/7f2c5b97face815328563d0f1e006c99
2025-04-29 17:28:50,592 -urllib3.connectionpool - WARNING - Retrying (Retry(total=1, connect=None, read=None, redirect=None, status=None)) after connection broken by 'NewConnectionError('<urllib3.connection.HTTPConnection object at 0x0000019BF74045A0>: Failed to establish a new connection: [WinError 10061] No connection could be made because the target machine actively refused it')': /session/7f2c5b97face815328563d0f1e006c99
2025-04-29 17:28:50,592 -urllib3.connectionpool - WARNING - Retrying (Retry(total=1, connect=None, read=None, redirect=None, status=None)) after connection broken by 'NewConnectionError('<urllib3.connection.HTTPConnection object at 0x0000019BF74045A0>: Failed to establish a new connection: [WinError 10061] No connection could be made because the target machine actively refused it')': /session/7f2c5b97face815328563d0f1e006c99
2025-04-29 17:28:50,592 -urllib3.connectionpool - WARNING - Retrying (Retry(total=1, connect=None, read=None, redirect=None, status=None)) after connection broken by 'NewConnectionError('<urllib3.connection.HTTPConnection object at 0x0000019BF74045A0>: Failed to establish a new connection: [WinError 10061] No connection could be made because the target machine actively refused it')': /session/7f2c5b97face815328563d0f1e006c99
2025-04-29 17:28:50,592 -urllib3.connectionpool - WARNING - Retrying (Retry(total=1, connect=None, read=None, redirect=None, status=None)) after connection broken by 'NewConnectionError('<urllib3.connection.HTTPConnection object at 0x0000019BF74045A0>: Failed to establish a new connection: [WinError 10061] No connection could be made because the target machine actively refused it')': /session/7f2c5b97face815328563d0f1e006c99
2025-04-29 17:28:54,655 -urllib3.connectionpool - WARNING - Retrying (Retry(total=0, connect=None, read=None, redirect=None, status=None)) after connection broken by 'NewConnectionError('<urllib3.connection.HTTPConnection object at 0x0000019BF7407130>: Failed to establish a new connection: [WinError 10061] No connection could be made because the target machine actively refused it')': /session/7f2c5b97face815328563d0f1e006c99
2025-04-29 17:28:54,655 -urllib3.connectionpool - WARNING - Retrying (Retry(total=0, connect=None, read=None, redirect=None, status=None)) after connection broken by 'NewConnectionError('<urllib3.connection.HTTPConnection object at 0x0000019BF7407130>: Failed to establish a new connection: [WinError 10061] No connection could be made because the target machine actively refused it')': /session/7f2c5b97face815328563d0f1e006c99
2025-04-29 17:28:54,655 -urllib3.connectionpool - WARNING - Retrying (Retry(total=0, connect=None, read=None, redirect=None, status=None)) after connection broken by 'NewConnectionError('<urllib3.connection.HTTPConnection object at 0x0000019BF7407130>: Failed to establish a new connection: [WinError 10061] No connection could be made because the target machine actively refused it')': /session/7f2c5b97face815328563d0f1e006c99
2025-04-29 17:28:54,655 -urllib3.connectionpool - WARNING - Retrying (Retry(total=0, connect=None, read=None, redirect=None, status=None)) after connection broken by 'NewConnectionError('<urllib3.connection.HTTPConnection object at 0x0000019BF7407130>: Failed to establish a new connection: [WinError 10061] No connection could be made because the target machine actively refused it')': /session/7f2c5b97face815328563d0f1e006c99
2025-04-29 17:28:54,655 -urllib3.connectionpool - WARNING - Retrying (Retry(total=0, connect=None, read=None, redirect=None, status=None)) after connection broken by 'NewConnectionError('<urllib3.connection.HTTPConnection object at 0x0000019BF7407130>: Failed to establish a new connection: [WinError 10061] No connection could be made because the target machine actively refused it')': /session/7f2c5b97face815328563d0f1e006c99
2025-04-29 17:30:36,638 -root - INFO - ******************** Test_001_Inventory *****************
2025-04-29 17:30:36,638 -root - INFO - ******************** Test_001_Inventory *****************
2025-04-29 17:30:36,638 -root - INFO - ******************** Test_001_Inventory *****************
2025-04-29 17:30:36,638 -root - INFO - ******************** Test_001_Inventory *****************
2025-04-29 17:30:36,638 -root - INFO - ******************** Test_001_Inventory *****************
2025-04-29 17:30:36,655 -root - INFO - ******************** Verifying inventory Home Page Title *****************
2025-04-29 17:30:36,655 -root - INFO - ******************** Verifying inventory Home Page Title *****************
2025-04-29 17:30:36,655 -root - INFO - ******************** Verifying inventory Home Page Title *****************
2025-04-29 17:30:36,655 -root - INFO - ******************** Verifying inventory Home Page Title *****************
2025-04-29 17:30:36,655 -root - INFO - ******************** Verifying inventory Home Page Title *****************
2025-04-29 17:30:49,428 -root - INFO - ******************** Inventory Home Page title test is passed *****************
2025-04-29 17:30:49,428 -root - INFO - ******************** Inventory Home Page title test is passed *****************
2025-04-29 17:30:49,428 -root - INFO - ******************** Inventory Home Page title test is passed *****************
2025-04-29 17:30:49,428 -root - INFO - ******************** Inventory Home Page title test is passed *****************
2025-04-29 17:30:49,428 -root - INFO - ******************** Inventory Home Page title test is passed *****************
2025-04-29 17:30:49,432 -root - INFO - ******************** Verifying product details *****************
2025-04-29 17:30:49,432 -root - INFO - ******************** Verifying product details *****************
2025-04-29 17:30:49,432 -root - INFO - ******************** Verifying product details *****************
2025-04-29 17:30:49,432 -root - INFO - ******************** Verifying product details *****************
2025-04-29 17:30:49,432 -root - INFO - ******************** Verifying product details *****************
2025-04-29 17:30:49,564 -root - INFO - ******************** Adding products to cart *****************
2025-04-29 17:30:49,564 -root - INFO - ******************** Adding products to cart *****************
2025-04-29 17:30:49,564 -root - INFO - ******************** Adding products to cart *****************
2025-04-29 17:30:49,564 -root - INFO - ******************** Adding products to cart *****************
2025-04-29 17:30:49,564 -root - INFO - ******************** Adding products to cart *****************
2025-04-29 17:30:53,959 -root - INFO - ******************** Adding products to cart test is passed *****************
2025-04-29 17:30:53,959 -root - INFO - ******************** Adding products to cart test is passed *****************
2025-04-29 17:30:53,959 -root - INFO - ******************** Adding products to cart test is passed *****************
2025-04-29 17:30:53,959 -root - INFO - ******************** Adding products to cart test is passed *****************
2025-04-29 17:30:53,959 -root - INFO - ******************** Adding products to cart test is passed *****************
2025-04-29 17:30:59,294 -root - INFO - ******************** Test_001_cart *****************
2025-04-29 17:30:59,294 -root - INFO - ******************** Test_001_cart *****************
2025-04-29 17:30:59,294 -root - INFO - ******************** Test_001_cart *****************
2025-04-29 17:30:59,294 -root - INFO - ******************** Test_001_cart *****************
2025-04-29 17:30:59,294 -root - INFO - ******************** Test_001_cart *****************
2025-04-29 17:30:59,294 -root - INFO - ******************** Verifying cart products *****************
2025-04-29 17:30:59,294 -root - INFO - ******************** Verifying cart products *****************
2025-04-29 17:30:59,294 -root - INFO - ******************** Verifying cart products *****************
2025-04-29 17:30:59,294 -root - INFO - ******************** Verifying cart products *****************
2025-04-29 17:30:59,294 -root - INFO - ******************** Verifying cart products *****************
2025-04-29 17:31:01,834 -root - INFO - ******************** Removing products from cart *****************
2025-04-29 17:31:01,834 -root - INFO - ******************** Removing products from cart *****************
2025-04-29 17:31:01,834 -root - INFO - ******************** Removing products from cart *****************
2025-04-29 17:31:01,834 -root - INFO - ******************** Removing products from cart *****************
2025-04-29 17:31:01,834 -root - INFO - ******************** Removing products from cart *****************
2025-04-29 17:31:06,827 -root - INFO - ******************** Test_001_checkout *****************
2025-04-29 17:31:06,827 -root - INFO - ******************** Test_001_checkout *****************
2025-04-29 17:31:06,827 -root - INFO - ******************** Test_001_checkout *****************
2025-04-29 17:31:06,827 -root - INFO - ******************** Test_001_checkout *****************
2025-04-29 17:31:06,827 -root - INFO - ******************** Test_001_checkout *****************
2025-04-29 17:31:06,828 -root - INFO - ******************** Verifying checkout Page url *****************
2025-04-29 17:31:06,828 -root - INFO - ******************** Verifying checkout Page url *****************
2025-04-29 17:31:06,828 -root - INFO - ******************** Verifying checkout Page url *****************
2025-04-29 17:31:06,828 -root - INFO - ******************** Verifying checkout Page url *****************
2025-04-29 17:31:06,828 -root - INFO - ******************** Verifying checkout Page url *****************
2025-04-29 17:31:06,909 -root - INFO - ******************** Verifying checkout items *****************
2025-04-29 17:31:06,909 -root - INFO - ******************** Verifying checkout items *****************
2025-04-29 17:31:06,909 -root - INFO - ******************** Verifying checkout items *****************
2025-04-29 17:31:06,909 -root - INFO - ******************** Verifying checkout items *****************
2025-04-29 17:31:06,909 -root - INFO - ******************** Verifying checkout items *****************
2025-04-29 17:31:06,942 -root - INFO - ******************** Verifying finish button *****************
2025-04-29 17:31:06,942 -root - INFO - ******************** Verifying finish button *****************
2025-04-29 17:31:06,942 -root - INFO - ******************** Verifying finish button *****************
2025-04-29 17:31:06,942 -root - INFO - ******************** Verifying finish button *****************
2025-04-29 17:31:06,942 -root - INFO - ******************** Verifying finish button *****************
2025-04-29 17:31:11,584 -root - INFO - ******************** Test_001_login *****************
2025-04-29 17:31:11,584 -root - INFO - ******************** Test_001_login *****************
2025-04-29 17:31:11,584 -root - INFO - ******************** Test_001_login *****************
2025-04-29 17:31:11,584 -root - INFO - ******************** Test_001_login *****************
2025-04-29 17:31:11,584 -root - INFO - ******************** Test_001_login *****************
2025-04-29 17:31:11,584 -root - INFO - ******************** Verifying Home Page Title *****************
2025-04-29 17:31:11,584 -root - INFO - ******************** Verifying Home Page Title *****************
2025-04-29 17:31:11,584 -root - INFO - ******************** Verifying Home Page Title *****************
2025-04-29 17:31:11,584 -root - INFO - ******************** Verifying Home Page Title *****************
2025-04-29 17:31:11,584 -root - INFO - ******************** Verifying Home Page Title *****************
2025-04-29 17:31:11,588 -root - INFO - ******************** Home Page title test is passed *****************
2025-04-29 17:31:11,588 -root - INFO - ******************** Home Page title test is passed *****************
2025-04-29 17:31:11,588 -root - INFO - ******************** Home Page title test is passed *****************
2025-04-29 17:31:11,588 -root - INFO - ******************** Home Page title test is passed *****************
2025-04-29 17:31:11,588 -root - INFO - ******************** Home Page title test is passed *****************
2025-04-29 17:31:11,590 -root - INFO - ******************** Checking login test **********************
2025-04-29 17:31:11,590 -root - INFO - ******************** Checking login test **********************
2025-04-29 17:31:11,590 -root - INFO - ******************** Checking login test **********************
2025-04-29 17:31:11,590 -root - INFO - ******************** Checking login test **********************
2025-04-29 17:31:11,590 -root - INFO - ******************** Checking login test **********************
2025-04-29 17:31:12,790 -root - INFO - ******************** Checking login test **********************
2025-04-29 17:31:12,790 -root - INFO - ******************** Checking login test **********************
2025-04-29 17:31:12,790 -root - INFO - ******************** Checking login test **********************
2025-04-29 17:31:12,790 -root - INFO - ******************** Checking login test **********************
2025-04-29 17:31:12,790 -root - INFO - ******************** Checking login test **********************
2025-04-29 17:31:12,823 -root - INFO - ******************** Checking login test **********************
2025-04-29 17:31:12,823 -root - INFO - ******************** Checking login test **********************
2025-04-29 17:31:12,823 -root - INFO - ******************** Checking login test **********************
2025-04-29 17:31:12,823 -root - INFO - ******************** Checking login test **********************
2025-04-29 17:31:12,823 -root - INFO - ******************** Checking login test **********************
2025-04-29 17:31:12,849 -root - INFO - ******************** Checking login test **********************
2025-04-29 17:31:12,849 -root - INFO - ******************** Checking login test **********************
2025-04-29 17:31:12,849 -root - INFO - ******************** Checking login test **********************
2025-04-29 17:31:12,849 -root - INFO - ******************** Checking login test **********************
2025-04-29 17:31:12,849 -root - INFO - ******************** Checking login test **********************
2025-04-29 17:31:12,879 -root - INFO - ******************** Checking login test **********************
2025-04-29 17:31:12,879 -root - INFO - ******************** Checking login test **********************
2025-04-29 17:31:12,879 -root - INFO - ******************** Checking login test **********************
2025-04-29 17:31:12,879 -root - INFO - ******************** Checking login test **********************
2025-04-29 17:31:12,879 -root - INFO - ******************** Checking login test **********************
2025-04-29 17:31:12,913 -root - INFO - ******************** Checking login test **********************
2025-04-29 17:31:12,913 -root - INFO - ******************** Checking login test **********************
2025-04-29 17:31:12,913 -root - INFO - ******************** Checking login test **********************
2025-04-29 17:31:12,913 -root - INFO - ******************** Checking login test **********************
2025-04-29 17:31:12,913 -root - INFO - ******************** Checking login test **********************
2025-04-29 17:31:12,941 -root - INFO - ******************** Checking login test **********************
2025-04-29 17:31:12,941 -root - INFO - ******************** Checking login test **********************
2025-04-29 17:31:12,941 -root - INFO - ******************** Checking login test **********************
2025-04-29 17:31:12,941 -root - INFO - ******************** Checking login test **********************
2025-04-29 17:31:12,941 -root - INFO - ******************** Checking login test **********************
2025-04-29 17:31:12,967 -root - INFO - ******************** Checking login test **********************
2025-04-29 17:31:12,967 -root - INFO - ******************** Checking login test **********************
2025-04-29 17:31:12,967 -root - INFO - ******************** Checking login test **********************
2025-04-29 17:31:12,967 -root - INFO - ******************** Checking login test **********************
2025-04-29 17:31:12,967 -root - INFO - ******************** Checking login test **********************
2025-04-29 17:31:18,153 -root - INFO - ******************** Test_001_login *****************
2025-04-29 17:31:18,153 -root - INFO - ******************** Test_001_login *****************
2025-04-29 17:31:18,153 -root - INFO - ******************** Test_001_login *****************
2025-04-29 17:31:18,153 -root - INFO - ******************** Test_001_login *****************
2025-04-29 17:31:18,153 -root - INFO - ******************** Test_001_login *****************
2025-04-29 17:31:18,153 -root - INFO - ******************** Checking login test **********************
2025-04-29 17:31:18,153 -root - INFO - ******************** Checking login test **********************
2025-04-29 17:31:18,153 -root - INFO - ******************** Checking login test **********************
2025-04-29 17:31:18,153 -root - INFO - ******************** Checking login test **********************
2025-04-29 17:31:18,153 -root - INFO - ******************** Checking login test **********************
2025-04-29 17:32:46,481 -root - INFO - ******************** Test_001_Inventory *****************
2025-04-29 17:32:46,481 -root - INFO - ******************** Test_001_Inventory *****************
2025-04-29 17:32:46,481 -root - INFO - ******************** Test_001_Inventory *****************
2025-04-29 17:32:46,481 -root - INFO - ******************** Test_001_Inventory *****************
2025-04-29 17:32:46,481 -root - INFO - ******************** Test_001_Inventory *****************
2025-04-29 17:32:46,495 -root - INFO - ******************** Verifying inventory Home Page Title *****************
2025-04-29 17:32:46,495 -root - INFO - ******************** Verifying inventory Home Page Title *****************
2025-04-29 17:32:46,495 -root - INFO - ******************** Verifying inventory Home Page Title *****************
2025-04-29 17:32:46,495 -root - INFO - ******************** Verifying inventory Home Page Title *****************
2025-04-29 17:32:46,495 -root - INFO - ******************** Verifying inventory Home Page Title *****************
2025-04-29 17:32:46,914 -root - INFO - ******************** Verifying product details *****************
2025-04-29 17:32:46,914 -root - INFO - ******************** Verifying product details *****************
2025-04-29 17:32:46,914 -root - INFO - ******************** Verifying product details *****************
2025-04-29 17:32:46,914 -root - INFO - ******************** Verifying product details *****************
2025-04-29 17:32:46,914 -root - INFO - ******************** Verifying product details *****************
2025-04-29 17:32:47,015 -root - INFO - ******************** Adding products to cart *****************
2025-04-29 17:32:47,015 -root - INFO - ******************** Adding products to cart *****************
2025-04-29 17:32:47,015 -root - INFO - ******************** Adding products to cart *****************
2025-04-29 17:32:47,015 -root - INFO - ******************** Adding products to cart *****************
2025-04-29 17:32:47,015 -root - INFO - ******************** Adding products to cart *****************
2025-04-29 17:32:52,606 -root - INFO - ******************** Test_001_cart *****************
2025-04-29 17:32:52,606 -root - INFO - ******************** Test_001_cart *****************
2025-04-29 17:32:52,606 -root - INFO - ******************** Test_001_cart *****************
2025-04-29 17:32:52,606 -root - INFO - ******************** Test_001_cart *****************
2025-04-29 17:32:52,606 -root - INFO - ******************** Test_001_cart *****************
2025-04-29 17:32:52,607 -root - INFO - ******************** Verifying cart products *****************
2025-04-29 17:32:52,607 -root - INFO - ******************** Verifying cart products *****************
2025-04-29 17:32:52,607 -root - INFO - ******************** Verifying cart products *****************
2025-04-29 17:32:52,607 -root - INFO - ******************** Verifying cart products *****************
2025-04-29 17:32:52,607 -root - INFO - ******************** Verifying cart products *****************
2025-04-29 17:33:26,773 -root - INFO - ******************** Cart products verification test is passed *****************
2025-04-29 17:33:26,773 -root - INFO - ******************** Cart products verification test is passed *****************
2025-04-29 17:33:26,773 -root - INFO - ******************** Cart products verification test is passed *****************
2025-04-29 17:33:26,773 -root - INFO - ******************** Cart products verification test is passed *****************
2025-04-29 17:33:26,773 -root - INFO - ******************** Cart products verification test is passed *****************
2025-04-29 17:33:27,216 -root - INFO - ******************** Removing products from cart *****************
2025-04-29 17:33:27,216 -root - INFO - ******************** Removing products from cart *****************
2025-04-29 17:33:27,216 -root - INFO - ******************** Removing products from cart *****************
2025-04-29 17:33:27,216 -root - INFO - ******************** Removing products from cart *****************
2025-04-29 17:33:27,216 -root - INFO - ******************** Removing products from cart *****************
2025-04-29 17:33:35,511 -root - INFO - ******************** Removing products from cart test is passed *****************
2025-04-29 17:33:35,511 -root - INFO - ******************** Removing products from cart test is passed *****************
2025-04-29 17:33:35,511 -root - INFO - ******************** Removing products from cart test is passed *****************
2025-04-29 17:33:35,511 -root - INFO - ******************** Removing products from cart test is passed *****************
2025-04-29 17:33:35,511 -root - INFO - ******************** Removing products from cart test is passed *****************
2025-04-29 17:33:41,690 -root - INFO - ******************** Test_001_checkout *****************
2025-04-29 17:33:41,690 -root - INFO - ******************** Test_001_checkout *****************
2025-04-29 17:33:41,690 -root - INFO - ******************** Test_001_checkout *****************
2025-04-29 17:33:41,690 -root - INFO - ******************** Test_001_checkout *****************
2025-04-29 17:33:41,690 -root - INFO - ******************** Test_001_checkout *****************
2025-04-29 17:33:41,690 -root - INFO - ******************** Verifying checkout Page url *****************
2025-04-29 17:33:41,690 -root - INFO - ******************** Verifying checkout Page url *****************
2025-04-29 17:33:41,690 -root - INFO - ******************** Verifying checkout Page url *****************
2025-04-29 17:33:41,690 -root - INFO - ******************** Verifying checkout Page url *****************
2025-04-29 17:33:41,690 -root - INFO - ******************** Verifying checkout Page url *****************
2025-04-29 17:33:43,918 -root - INFO - ******************** Verifying checkout items *****************
2025-04-29 17:33:43,918 -root - INFO - ******************** Verifying checkout items *****************
2025-04-29 17:33:43,918 -root - INFO - ******************** Verifying checkout items *****************
2025-04-29 17:33:43,918 -root - INFO - ******************** Verifying checkout items *****************
2025-04-29 17:33:43,918 -root - INFO - ******************** Verifying checkout items *****************
2025-04-29 17:33:43,942 -root - INFO - ******************** Verifying finish button *****************
2025-04-29 17:33:43,942 -root - INFO - ******************** Verifying finish button *****************
2025-04-29 17:33:43,942 -root - INFO - ******************** Verifying finish button *****************
2025-04-29 17:33:43,942 -root - INFO - ******************** Verifying finish button *****************
2025-04-29 17:33:43,942 -root - INFO - ******************** Verifying finish button *****************
2025-04-29 17:33:49,470 -root - INFO - ******************** Test_001_login *****************
2025-04-29 17:33:49,470 -root - INFO - ******************** Test_001_login *****************
2025-04-29 17:33:49,470 -root - INFO - ******************** Test_001_login *****************
2025-04-29 17:33:49,470 -root - INFO - ******************** Test_001_login *****************
2025-04-29 17:33:49,470 -root - INFO - ******************** Test_001_login *****************
2025-04-29 17:33:49,471 -root - INFO - ******************** Verifying Home Page Title *****************
2025-04-29 17:33:49,471 -root - INFO - ******************** Verifying Home Page Title *****************
2025-04-29 17:33:49,471 -root - INFO - ******************** Verifying Home Page Title *****************
2025-04-29 17:33:49,471 -root - INFO - ******************** Verifying Home Page Title *****************
2025-04-29 17:33:49,471 -root - INFO - ******************** Verifying Home Page Title *****************
2025-04-29 17:33:49,660 -root - INFO - ******************** Home Page title test is passed *****************
2025-04-29 17:33:49,660 -root - INFO - ******************** Home Page title test is passed *****************
2025-04-29 17:33:49,660 -root - INFO - ******************** Home Page title test is passed *****************
2025-04-29 17:33:49,660 -root - INFO - ******************** Home Page title test is passed *****************
2025-04-29 17:33:49,660 -root - INFO - ******************** Home Page title test is passed *****************
2025-04-29 17:33:49,665 -root - INFO - ******************** Checking login test **********************
2025-04-29 17:33:49,665 -root - INFO - ******************** Checking login test **********************
2025-04-29 17:33:49,665 -root - INFO - ******************** Checking login test **********************
2025-04-29 17:33:49,665 -root - INFO - ******************** Checking login test **********************
2025-04-29 17:33:49,665 -root - INFO - ******************** Checking login test **********************
2025-04-29 17:33:54,018 -root - INFO - ******************** Test_001_Inventory *****************
2025-04-29 17:33:54,018 -root - INFO - ******************** Test_001_Inventory *****************
2025-04-29 17:33:54,018 -root - INFO - ******************** Test_001_Inventory *****************
2025-04-29 17:33:54,018 -root - INFO - ******************** Test_001_Inventory *****************
2025-04-29 17:33:54,018 -root - INFO - ******************** Test_001_Inventory *****************
2025-04-29 17:33:54,019 -root - INFO - ******************** Verifying inventory Home Page Title *****************
2025-04-29 17:33:54,019 -root - INFO - ******************** Verifying inventory Home Page Title *****************
2025-04-29 17:33:54,019 -root - INFO - ******************** Verifying inventory Home Page Title *****************
2025-04-29 17:33:54,019 -root - INFO - ******************** Verifying inventory Home Page Title *****************
2025-04-29 17:33:54,019 -root - INFO - ******************** Verifying inventory Home Page Title *****************
2025-04-29 17:33:55,755 -root - INFO - ******************** Verifying product details *****************
2025-04-29 17:33:55,755 -root - INFO - ******************** Verifying product details *****************
2025-04-29 17:33:55,755 -root - INFO - ******************** Verifying product details *****************
2025-04-29 17:33:55,755 -root - INFO - ******************** Verifying product details *****************
2025-04-29 17:33:55,755 -root - INFO - ******************** Verifying product details *****************
2025-04-29 17:33:55,837 -root - INFO - ******************** Adding products to cart *****************
2025-04-29 17:33:55,837 -root - INFO - ******************** Adding products to cart *****************
2025-04-29 17:33:55,837 -root - INFO - ******************** Adding products to cart *****************
2025-04-29 17:33:55,837 -root - INFO - ******************** Adding products to cart *****************
2025-04-29 17:33:55,837 -root - INFO - ******************** Adding products to cart *****************
2025-04-29 17:33:58,845 -root - INFO - ******************** Checking login test **********************
2025-04-29 17:33:58,845 -root - INFO - ******************** Checking login test **********************
2025-04-29 17:33:58,845 -root - INFO - ******************** Checking login test **********************
2025-04-29 17:33:58,845 -root - INFO - ******************** Checking login test **********************
2025-04-29 17:33:58,845 -root - INFO - ******************** Checking login test **********************
2025-04-29 17:33:58,912 -root - INFO - ******************** Checking login test **********************
2025-04-29 17:33:58,912 -root - INFO - ******************** Checking login test **********************
2025-04-29 17:33:58,912 -root - INFO - ******************** Checking login test **********************
2025-04-29 17:33:58,912 -root - INFO - ******************** Checking login test **********************
2025-04-29 17:33:58,912 -root - INFO - ******************** Checking login test **********************
2025-04-29 17:33:58,972 -root - INFO - ******************** Checking login test **********************
2025-04-29 17:33:58,972 -root - INFO - ******************** Checking login test **********************
2025-04-29 17:33:58,972 -root - INFO - ******************** Checking login test **********************
2025-04-29 17:33:58,972 -root - INFO - ******************** Checking login test **********************
2025-04-29 17:33:58,972 -root - INFO - ******************** Checking login test **********************
2025-04-29 17:33:59,038 -root - INFO - ******************** Checking login test **********************
2025-04-29 17:33:59,038 -root - INFO - ******************** Checking login test **********************
2025-04-29 17:33:59,038 -root - INFO - ******************** Checking login test **********************
2025-04-29 17:33:59,038 -root - INFO - ******************** Checking login test **********************
2025-04-29 17:33:59,038 -root - INFO - ******************** Checking login test **********************
2025-04-29 17:33:59,105 -root - INFO - ******************** Checking login test **********************
2025-04-29 17:33:59,105 -root - INFO - ******************** Checking login test **********************
2025-04-29 17:33:59,105 -root - INFO - ******************** Checking login test **********************
2025-04-29 17:33:59,105 -root - INFO - ******************** Checking login test **********************
2025-04-29 17:33:59,105 -root - INFO - ******************** Checking login test **********************
2025-04-29 17:33:59,161 -root - INFO - ******************** Checking login test **********************
2025-04-29 17:33:59,161 -root - INFO - ******************** Checking login test **********************
2025-04-29 17:33:59,161 -root - INFO - ******************** Checking login test **********************
2025-04-29 17:33:59,161 -root - INFO - ******************** Checking login test **********************
2025-04-29 17:33:59,161 -root - INFO - ******************** Checking login test **********************
2025-04-29 17:33:59,230 -root - INFO - ******************** Checking login test **********************
2025-04-29 17:33:59,230 -root - INFO - ******************** Checking login test **********************
2025-04-29 17:33:59,230 -root - INFO - ******************** Checking login test **********************
2025-04-29 17:33:59,230 -root - INFO - ******************** Checking login test **********************
2025-04-29 17:33:59,230 -root - INFO - ******************** Checking login test **********************
2025-04-29 17:34:01,459 -root - INFO - ******************** Test_001_cart *****************
2025-04-29 17:34:01,459 -root - INFO - ******************** Test_001_cart *****************
2025-04-29 17:34:01,459 -root - INFO - ******************** Test_001_cart *****************
2025-04-29 17:34:01,459 -root - INFO - ******************** Test_001_cart *****************
2025-04-29 17:34:01,459 -root - INFO - ******************** Test_001_cart *****************
2025-04-29 17:34:01,460 -root - INFO - ******************** Verifying cart products *****************
2025-04-29 17:34:01,460 -root - INFO - ******************** Verifying cart products *****************
2025-04-29 17:34:01,460 -root - INFO - ******************** Verifying cart products *****************
2025-04-29 17:34:01,460 -root - INFO - ******************** Verifying cart products *****************
2025-04-29 17:34:01,460 -root - INFO - ******************** Verifying cart products *****************
2025-04-29 17:34:02,687 -root - INFO - ******************** Removing products from cart *****************
2025-04-29 17:34:02,687 -root - INFO - ******************** Removing products from cart *****************
2025-04-29 17:34:02,687 -root - INFO - ******************** Removing products from cart *****************
2025-04-29 17:34:02,687 -root - INFO - ******************** Removing products from cart *****************
2025-04-29 17:34:02,687 -root - INFO - ******************** Removing products from cart *****************
2025-04-29 17:34:03,670 -root - INFO - ******************** Test_001_login *****************
2025-04-29 17:34:03,670 -root - INFO - ******************** Test_001_login *****************
2025-04-29 17:34:03,670 -root - INFO - ******************** Test_001_login *****************
2025-04-29 17:34:03,670 -root - INFO - ******************** Test_001_login *****************
2025-04-29 17:34:03,670 -root - INFO - ******************** Test_001_login *****************
2025-04-29 17:34:03,671 -root - INFO - ******************** Checking login test **********************
2025-04-29 17:34:03,671 -root - INFO - ******************** Checking login test **********************
2025-04-29 17:34:03,671 -root - INFO - ******************** Checking login test **********************
2025-04-29 17:34:03,671 -root - INFO - ******************** Checking login test **********************
2025-04-29 17:34:03,671 -root - INFO - ******************** Checking login test **********************
2025-04-29 17:34:07,457 -root - INFO - ******************** Test_001_checkout *****************
2025-04-29 17:34:07,457 -root - INFO - ******************** Test_001_checkout *****************
2025-04-29 17:34:07,457 -root - INFO - ******************** Test_001_checkout *****************
2025-04-29 17:34:07,457 -root - INFO - ******************** Test_001_checkout *****************
2025-04-29 17:34:07,457 -root - INFO - ******************** Test_001_checkout *****************
2025-04-29 17:34:07,457 -root - INFO - ******************** Verifying checkout Page url *****************
2025-04-29 17:34:07,457 -root - INFO - ******************** Verifying checkout Page url *****************
2025-04-29 17:34:07,457 -root - INFO - ******************** Verifying checkout Page url *****************
2025-04-29 17:34:07,457 -root - INFO - ******************** Verifying checkout Page url *****************
2025-04-29 17:34:07,457 -root - INFO - ******************** Verifying checkout Page url *****************
2025-04-29 17:34:07,533 -root - INFO - ******************** Verifying checkout items *****************
2025-04-29 17:34:07,533 -root - INFO - ******************** Verifying checkout items *****************
2025-04-29 17:34:07,533 -root - INFO - ******************** Verifying checkout items *****************
2025-04-29 17:34:07,533 -root - INFO - ******************** Verifying checkout items *****************
2025-04-29 17:34:07,533 -root - INFO - ******************** Verifying checkout items *****************
2025-04-29 17:34:07,567 -root - INFO - ******************** Verifying finish button *****************
2025-04-29 17:34:07,567 -root - INFO - ******************** Verifying finish button *****************
2025-04-29 17:34:07,567 -root - INFO - ******************** Verifying finish button *****************
2025-04-29 17:34:07,567 -root - INFO - ******************** Verifying finish button *****************
2025-04-29 17:34:07,567 -root - INFO - ******************** Verifying finish button *****************
2025-04-29 17:34:12,445 -root - INFO - ******************** Test_001_login *****************
2025-04-29 17:34:12,445 -root - INFO - ******************** Test_001_login *****************
2025-04-29 17:34:12,445 -root - INFO - ******************** Test_001_login *****************
2025-04-29 17:34:12,445 -root - INFO - ******************** Test_001_login *****************
2025-04-29 17:34:12,445 -root - INFO - ******************** Test_001_login *****************
2025-04-29 17:34:12,445 -root - INFO - ******************** Verifying Home Page Title *****************
2025-04-29 17:34:12,445 -root - INFO - ******************** Verifying Home Page Title *****************
2025-04-29 17:34:12,445 -root - INFO - ******************** Verifying Home Page Title *****************
2025-04-29 17:34:12,445 -root - INFO - ******************** Verifying Home Page Title *****************
2025-04-29 17:34:12,445 -root - INFO - ******************** Verifying Home Page Title *****************
2025-04-29 17:34:12,559 -root - INFO - ******************** Checking login test **********************
2025-04-29 17:34:12,559 -root - INFO - ******************** Checking login test **********************
2025-04-29 17:34:12,559 -root - INFO - ******************** Checking login test **********************
2025-04-29 17:34:12,559 -root - INFO - ******************** Checking login test **********************
2025-04-29 17:34:12,559 -root - INFO - ******************** Checking login test **********************
2025-04-29 17:34:12,607 -root - INFO - ******************** Checking login test **********************
2025-04-29 17:34:12,607 -root - INFO - ******************** Checking login test **********************
2025-04-29 17:34:12,607 -root - INFO - ******************** Checking login test **********************
2025-04-29 17:34:12,607 -root - INFO - ******************** Checking login test **********************
2025-04-29 17:34:12,607 -root - INFO - ******************** Checking login test **********************
2025-04-29 17:34:12,636 -root - INFO - ******************** Checking login test **********************
2025-04-29 17:34:12,636 -root - INFO - ******************** Checking login test **********************
2025-04-29 17:34:12,636 -root - INFO - ******************** Checking login test **********************
2025-04-29 17:34:12,636 -root - INFO - ******************** Checking login test **********************
2025-04-29 17:34:12,636 -root - INFO - ******************** Checking login test **********************
2025-04-29 17:34:12,667 -root - INFO - ******************** Checking login test **********************
2025-04-29 17:34:12,667 -root - INFO - ******************** Checking login test **********************
2025-04-29 17:34:12,667 -root - INFO - ******************** Checking login test **********************
2025-04-29 17:34:12,667 -root - INFO - ******************** Checking login test **********************
2025-04-29 17:34:12,667 -root - INFO - ******************** Checking login test **********************
2025-04-29 17:34:12,697 -root - INFO - ******************** Checking login test **********************
2025-04-29 17:34:12,697 -root - INFO - ******************** Checking login test **********************
2025-04-29 17:34:12,697 -root - INFO - ******************** Checking login test **********************
2025-04-29 17:34:12,697 -root - INFO - ******************** Checking login test **********************
2025-04-29 17:34:12,697 -root - INFO - ******************** Checking login test **********************
2025-04-29 17:34:12,731 -root - INFO - ******************** Checking login test **********************
2025-04-29 17:34:12,731 -root - INFO - ******************** Checking login test **********************
2025-04-29 17:34:12,731 -root - INFO - ******************** Checking login test **********************
2025-04-29 17:34:12,731 -root - INFO - ******************** Checking login test **********************
2025-04-29 17:34:12,731 -root - INFO - ******************** Checking login test **********************
2025-04-29 17:34:12,754 -root - INFO - ******************** Checking login test **********************
2025-04-29 17:34:12,754 -root - INFO - ******************** Checking login test **********************
2025-04-29 17:34:12,754 -root - INFO - ******************** Checking login test **********************
2025-04-29 17:34:12,754 -root - INFO - ******************** Checking login test **********************
2025-04-29 17:34:12,754 -root - INFO - ******************** Checking login test **********************
2025-04-29 17:34:12,788 -root - INFO - ******************** Checking login test **********************
2025-04-29 17:34:12,788 -root - INFO - ******************** Checking login test **********************
2025-04-29 17:34:12,788 -root - INFO - ******************** Checking login test **********************
2025-04-29 17:34:12,788 -root - INFO - ******************** Checking login test **********************
2025-04-29 17:34:12,788 -root - INFO - ******************** Checking login test **********************
2025-04-29 17:34:17,383 -urllib3.connectionpool - WARNING - Retrying (Retry(total=2, connect=None, read=None, redirect=None, status=None)) after connection broken by 'NewConnectionError('<urllib3.connection.HTTPConnection object at 0x0000027A35809010>: Failed to establish a new connection: [WinError 10061] No connection could be made because the target machine actively refused it')': /session/3a29c8cc1bbf35308761c92325eb321f
2025-04-29 17:34:17,383 -urllib3.connectionpool - WARNING - Retrying (Retry(total=2, connect=None, read=None, redirect=None, status=None)) after connection broken by 'NewConnectionError('<urllib3.connection.HTTPConnection object at 0x0000027A35809010>: Failed to establish a new connection: [WinError 10061] No connection could be made because the target machine actively refused it')': /session/3a29c8cc1bbf35308761c92325eb321f
2025-04-29 17:34:17,383 -urllib3.connectionpool - WARNING - Retrying (Retry(total=2, connect=None, read=None, redirect=None, status=None)) after connection broken by 'NewConnectionError('<urllib3.connection.HTTPConnection object at 0x0000027A35809010>: Failed to establish a new connection: [WinError 10061] No connection could be made because the target machine actively refused it')': /session/3a29c8cc1bbf35308761c92325eb321f
2025-04-29 17:34:17,383 -urllib3.connectionpool - WARNING - Retrying (Retry(total=2, connect=None, read=None, redirect=None, status=None)) after connection broken by 'NewConnectionError('<urllib3.connection.HTTPConnection object at 0x0000027A35809010>: Failed to establish a new connection: [WinError 10061] No connection could be made because the target machine actively refused it')': /session/3a29c8cc1bbf35308761c92325eb321f
2025-04-29 17:34:17,383 -urllib3.connectionpool - WARNING - Retrying (Retry(total=2, connect=None, read=None, redirect=None, status=None)) after connection broken by 'NewConnectionError('<urllib3.connection.HTTPConnection object at 0x0000027A35809010>: Failed to establish a new connection: [WinError 10061] No connection could be made because the target machine actively refused it')': /session/3a29c8cc1bbf35308761c92325eb321f
2025-04-29 17:34:17,846 -root - INFO - ******************** Test_001_login *****************
2025-04-29 17:34:17,846 -root - INFO - ******************** Test_001_login *****************
2025-04-29 17:34:17,846 -root - INFO - ******************** Test_001_login *****************
2025-04-29 17:34:17,846 -root - INFO - ******************** Test_001_login *****************
2025-04-29 17:34:17,846 -root - INFO - ******************** Test_001_login *****************
2025-04-29 17:34:17,846 -root - INFO - ******************** Checking login test **********************
2025-04-29 17:34:17,846 -root - INFO - ******************** Checking login test **********************
2025-04-29 17:34:17,846 -root - INFO - ******************** Checking login test **********************
2025-04-29 17:34:17,846 -root - INFO - ******************** Checking login test **********************
2025-04-29 17:34:17,846 -root - INFO - ******************** Checking login test **********************
2025-04-29 17:34:21,446 -urllib3.connectionpool - WARNING - Retrying (Retry(total=1, connect=None, read=None, redirect=None, status=None)) after connection broken by 'NewConnectionError('<urllib3.connection.HTTPConnection object at 0x0000027A3520B130>: Failed to establish a new connection: [WinError 10061] No connection could be made because the target machine actively refused it')': /session/3a29c8cc1bbf35308761c92325eb321f
2025-04-29 17:34:21,446 -urllib3.connectionpool - WARNING - Retrying (Retry(total=1, connect=None, read=None, redirect=None, status=None)) after connection broken by 'NewConnectionError('<urllib3.connection.HTTPConnection object at 0x0000027A3520B130>: Failed to establish a new connection: [WinError 10061] No connection could be made because the target machine actively refused it')': /session/3a29c8cc1bbf35308761c92325eb321f
2025-04-29 17:34:21,446 -urllib3.connectionpool - WARNING - Retrying (Retry(total=1, connect=None, read=None, redirect=None, status=None)) after connection broken by 'NewConnectionError('<urllib3.connection.HTTPConnection object at 0x0000027A3520B130>: Failed to establish a new connection: [WinError 10061] No connection could be made because the target machine actively refused it')': /session/3a29c8cc1bbf35308761c92325eb321f
2025-04-29 17:34:21,446 -urllib3.connectionpool - WARNING - Retrying (Retry(total=1, connect=None, read=None, redirect=None, status=None)) after connection broken by 'NewConnectionError('<urllib3.connection.HTTPConnection object at 0x0000027A3520B130>: Failed to establish a new connection: [WinError 10061] No connection could be made because the target machine actively refused it')': /session/3a29c8cc1bbf35308761c92325eb321f
2025-04-29 17:34:21,446 -urllib3.connectionpool - WARNING - Retrying (Retry(total=1, connect=None, read=None, redirect=None, status=None)) after connection broken by 'NewConnectionError('<urllib3.connection.HTTPConnection object at 0x0000027A3520B130>: Failed to establish a new connection: [WinError 10061] No connection could be made because the target machine actively refused it')': /session/3a29c8cc1bbf35308761c92325eb321f
2025-04-29 17:34:25,545 -urllib3.connectionpool - WARNING - Retrying (Retry(total=0, connect=None, read=None, redirect=None, status=None)) after connection broken by 'NewConnectionError('<urllib3.connection.HTTPConnection object at 0x0000027A3520B350>: Failed to establish a new connection: [WinError 10061] No connection could be made because the target machine actively refused it')': /session/3a29c8cc1bbf35308761c92325eb321f
2025-04-29 17:34:25,545 -urllib3.connectionpool - WARNING - Retrying (Retry(total=0, connect=None, read=None, redirect=None, status=None)) after connection broken by 'NewConnectionError('<urllib3.connection.HTTPConnection object at 0x0000027A3520B350>: Failed to establish a new connection: [WinError 10061] No connection could be made because the target machine actively refused it')': /session/3a29c8cc1bbf35308761c92325eb321f
2025-04-29 17:34:25,545 -urllib3.connectionpool - WARNING - Retrying (Retry(total=0, connect=None, read=None, redirect=None, status=None)) after connection broken by 'NewConnectionError('<urllib3.connection.HTTPConnection object at 0x0000027A3520B350>: Failed to establish a new connection: [WinError 10061] No connection could be made because the target machine actively refused it')': /session/3a29c8cc1bbf35308761c92325eb321f
2025-04-29 17:34:25,545 -urllib3.connectionpool - WARNING - Retrying (Retry(total=0, connect=None, read=None, redirect=None, status=None)) after connection broken by 'NewConnectionError('<urllib3.connection.HTTPConnection object at 0x0000027A3520B350>: Failed to establish a new connection: [WinError 10061] No connection could be made because the target machine actively refused it')': /session/3a29c8cc1bbf35308761c92325eb321f
2025-04-29 17:34:25,545 -urllib3.connectionpool - WARNING - Retrying (Retry(total=0, connect=None, read=None, redirect=None, status=None)) after connection broken by 'NewConnectionError('<urllib3.connection.HTTPConnection object at 0x0000027A3520B350>: Failed to establish a new connection: [WinError 10061] No connection could be made because the target machine actively refused it')': /session/3a29c8cc1bbf35308761c92325eb321f
2025-04-29 17:34:52,870 -root - INFO - ******************** Test_001_Inventory *****************
2025-04-29 17:34:52,870 -root - INFO - ******************** Test_001_Inventory *****************
2025-04-29 17:34:52,870 -root - INFO - ******************** Test_001_Inventory *****************
2025-04-29 17:34:52,870 -root - INFO - ******************** Test_001_Inventory *****************
2025-04-29 17:34:52,870 -root - INFO - ******************** Test_001_Inventory *****************
2025-04-29 17:34:52,871 -root - INFO - ******************** Verifying inventory Home Page Title *****************
2025-04-29 17:34:52,871 -root - INFO - ******************** Verifying inventory Home Page Title *****************
2025-04-29 17:34:52,871 -root - INFO - ******************** Verifying inventory Home Page Title *****************
2025-04-29 17:34:52,871 -root - INFO - ******************** Verifying inventory Home Page Title *****************
2025-04-29 17:34:52,871 -root - INFO - ******************** Verifying inventory Home Page Title *****************
2025-04-29 17:35:31,755 -root - INFO - ******************** Inventory Home Page title test is passed *****************
2025-04-29 17:35:31,755 -root - INFO - ******************** Inventory Home Page title test is passed *****************
2025-04-29 17:35:31,755 -root - INFO - ******************** Inventory Home Page title test is passed *****************
2025-04-29 17:35:31,755 -root - INFO - ******************** Inventory Home Page title test is passed *****************
2025-04-29 17:35:31,755 -root - INFO - ******************** Inventory Home Page title test is passed *****************
2025-04-29 17:35:31,762 -root - INFO - ******************** Verifying product details *****************
2025-04-29 17:35:31,762 -root - INFO - ******************** Verifying product details *****************
2025-04-29 17:35:31,762 -root - INFO - ******************** Verifying product details *****************
2025-04-29 17:35:31,762 -root - INFO - ******************** Verifying product details *****************
2025-04-29 17:35:31,762 -root - INFO - ******************** Verifying product details *****************
2025-04-29 17:35:31,975 -root - INFO - ******************** Adding products to cart *****************
2025-04-29 17:35:31,975 -root - INFO - ******************** Adding products to cart *****************
2025-04-29 17:35:31,975 -root - INFO - ******************** Adding products to cart *****************
2025-04-29 17:35:31,975 -root - INFO - ******************** Adding products to cart *****************
2025-04-29 17:35:31,975 -root - INFO - ******************** Adding products to cart *****************
2025-04-29 17:35:36,274 -root - INFO - ******************** Adding products to cart test is passed *****************
2025-04-29 17:35:36,274 -root - INFO - ******************** Adding products to cart test is passed *****************
2025-04-29 17:35:36,274 -root - INFO - ******************** Adding products to cart test is passed *****************
2025-04-29 17:35:36,274 -root - INFO - ******************** Adding products to cart test is passed *****************
2025-04-29 17:35:36,274 -root - INFO - ******************** Adding products to cart test is passed *****************
2025-04-29 17:35:41,604 -root - INFO - ******************** Test_001_cart *****************
2025-04-29 17:35:41,604 -root - INFO - ******************** Test_001_cart *****************
2025-04-29 17:35:41,604 -root - INFO - ******************** Test_001_cart *****************
2025-04-29 17:35:41,604 -root - INFO - ******************** Test_001_cart *****************
2025-04-29 17:35:41,604 -root - INFO - ******************** Test_001_cart *****************
2025-04-29 17:35:41,605 -root - INFO - ******************** Verifying cart products *****************
2025-04-29 17:35:41,605 -root - INFO - ******************** Verifying cart products *****************
2025-04-29 17:35:41,605 -root - INFO - ******************** Verifying cart products *****************
2025-04-29 17:35:41,605 -root - INFO - ******************** Verifying cart products *****************
2025-04-29 17:35:41,605 -root - INFO - ******************** Verifying cart products *****************
2025-04-29 17:36:28,719 -root - INFO - ******************** Cart products verification test is passed *****************
2025-04-29 17:36:28,719 -root - INFO - ******************** Cart products verification test is passed *****************
2025-04-29 17:36:28,719 -root - INFO - ******************** Cart products verification test is passed *****************
2025-04-29 17:36:28,719 -root - INFO - ******************** Cart products verification test is passed *****************
2025-04-29 17:36:28,719 -root - INFO - ******************** Cart products verification test is passed *****************
2025-04-29 17:36:29,077 -root - INFO - ******************** Removing products from cart *****************
2025-04-29 17:36:29,077 -root - INFO - ******************** Removing products from cart *****************
2025-04-29 17:36:29,077 -root - INFO - ******************** Removing products from cart *****************
2025-04-29 17:36:29,077 -root - INFO - ******************** Removing products from cart *****************
2025-04-29 17:36:29,077 -root - INFO - ******************** Removing products from cart *****************
2025-04-29 17:36:37,315 -root - INFO - ******************** Removing products from cart test is passed *****************
2025-04-29 17:36:37,315 -root - INFO - ******************** Removing products from cart test is passed *****************
2025-04-29 17:36:37,315 -root - INFO - ******************** Removing products from cart test is passed *****************
2025-04-29 17:36:37,315 -root - INFO - ******************** Removing products from cart test is passed *****************
2025-04-29 17:36:37,315 -root - INFO - ******************** Removing products from cart test is passed *****************
2025-04-29 17:36:42,745 -root - INFO - ******************** Test_001_checkout *****************
2025-04-29 17:36:42,745 -root - INFO - ******************** Test_001_checkout *****************
2025-04-29 17:36:42,745 -root - INFO - ******************** Test_001_checkout *****************
2025-04-29 17:36:42,745 -root - INFO - ******************** Test_001_checkout *****************
2025-04-29 17:36:42,745 -root - INFO - ******************** Test_001_checkout *****************
2025-04-29 17:36:42,746 -root - INFO - ******************** Verifying checkout Page url *****************
2025-04-29 17:36:42,746 -root - INFO - ******************** Verifying checkout Page url *****************
2025-04-29 17:36:42,746 -root - INFO - ******************** Verifying checkout Page url *****************
2025-04-29 17:36:42,746 -root - INFO - ******************** Verifying checkout Page url *****************
2025-04-29 17:36:42,746 -root - INFO - ******************** Verifying checkout Page url *****************
2025-04-29 17:37:28,380 -root - INFO - ******************** Checkout page url test is passed *****************
2025-04-29 17:37:28,380 -root - INFO - ******************** Checkout page url test is passed *****************
2025-04-29 17:37:28,380 -root - INFO - ******************** Checkout page url test is passed *****************
2025-04-29 17:37:28,380 -root - INFO - ******************** Checkout page url test is passed *****************
2025-04-29 17:37:28,380 -root - INFO - ******************** Checkout page url test is passed *****************
2025-04-29 17:37:30,915 -root - INFO - ******************** Verifying checkout items *****************
2025-04-29 17:37:30,915 -root - INFO - ******************** Verifying checkout items *****************
2025-04-29 17:37:30,915 -root - INFO - ******************** Verifying checkout items *****************
2025-04-29 17:37:30,915 -root - INFO - ******************** Verifying checkout items *****************
2025-04-29 17:37:30,915 -root - INFO - ******************** Verifying checkout items *****************
2025-04-29 17:37:45,957 -root - INFO - ******************** checkout items verification test is passed *****************
2025-04-29 17:37:45,957 -root - INFO - ******************** checkout items verification test is passed *****************
2025-04-29 17:37:45,957 -root - INFO - ******************** checkout items verification test is passed *****************
2025-04-29 17:37:45,957 -root - INFO - ******************** checkout items verification test is passed *****************
2025-04-29 17:37:45,957 -root - INFO - ******************** checkout items verification test is passed *****************
2025-04-29 17:37:46,355 -root - INFO - ******************** Verifying finish button *****************
2025-04-29 17:37:46,355 -root - INFO - ******************** Verifying finish button *****************
2025-04-29 17:37:46,355 -root - INFO - ******************** Verifying finish button *****************
2025-04-29 17:37:46,355 -root - INFO - ******************** Verifying finish button *****************
2025-04-29 17:37:46,355 -root - INFO - ******************** Verifying finish button *****************
2025-04-29 17:38:02,951 -root - INFO - ******************** Verifying finish button test is passed *****************
2025-04-29 17:38:02,951 -root - INFO - ******************** Verifying finish button test is passed *****************
2025-04-29 17:38:02,951 -root - INFO - ******************** Verifying finish button test is passed *****************
2025-04-29 17:38:02,951 -root - INFO - ******************** Verifying finish button test is passed *****************
2025-04-29 17:38:02,951 -root - INFO - ******************** Verifying finish button test is passed *****************
2025-04-29 17:38:08,845 -root - INFO - ******************** Test_001_login *****************
2025-04-29 17:38:08,845 -root - INFO - ******************** Test_001_login *****************
2025-04-29 17:38:08,845 -root - INFO - ******************** Test_001_login *****************
2025-04-29 17:38:08,845 -root - INFO - ******************** Test_001_login *****************
2025-04-29 17:38:08,845 -root - INFO - ******************** Test_001_login *****************
2025-04-29 17:38:08,845 -root - INFO - ******************** Verifying Home Page Title *****************
2025-04-29 17:38:08,845 -root - INFO - ******************** Verifying Home Page Title *****************
2025-04-29 17:38:08,845 -root - INFO - ******************** Verifying Home Page Title *****************
2025-04-29 17:38:08,845 -root - INFO - ******************** Verifying Home Page Title *****************
2025-04-29 17:38:08,845 -root - INFO - ******************** Verifying Home Page Title *****************
2025-04-29 17:38:08,853 -root - INFO - ******************** Home Page title test is passed *****************
2025-04-29 17:38:08,853 -root - INFO - ******************** Home Page title test is passed *****************
2025-04-29 17:38:08,853 -root - INFO - ******************** Home Page title test is passed *****************
2025-04-29 17:38:08,853 -root - INFO - ******************** Home Page title test is passed *****************
2025-04-29 17:38:08,853 -root - INFO - ******************** Home Page title test is passed *****************
2025-04-29 17:38:08,857 -root - INFO - ******************** Checking login test **********************
2025-04-29 17:38:08,857 -root - INFO - ******************** Checking login test **********************
2025-04-29 17:38:08,857 -root - INFO - ******************** Checking login test **********************
2025-04-29 17:38:08,857 -root - INFO - ******************** Checking login test **********************
2025-04-29 17:38:08,857 -root - INFO - ******************** Checking login test **********************
2025-04-29 17:38:51,723 -root - INFO - ******************** Login test is passed *****************
2025-04-29 17:38:51,723 -root - INFO - ******************** Login test is passed *****************
2025-04-29 17:38:51,723 -root - INFO - ******************** Login test is passed *****************
2025-04-29 17:38:51,723 -root - INFO - ******************** Login test is passed *****************
2025-04-29 17:38:51,723 -root - INFO - ******************** Login test is passed *****************
2025-04-29 17:38:51,728 -root - INFO - ******************** Checking login test **********************
2025-04-29 17:38:51,728 -root - INFO - ******************** Checking login test **********************
2025-04-29 17:38:51,728 -root - INFO - ******************** Checking login test **********************
2025-04-29 17:38:51,728 -root - INFO - ******************** Checking login test **********************
2025-04-29 17:38:51,728 -root - INFO - ******************** Checking login test **********************
2025-04-29 17:38:55,735 -root - INFO - ******************** Login test is passed *****************
2025-04-29 17:38:55,735 -root - INFO - ******************** Login test is passed *****************
2025-04-29 17:38:55,735 -root - INFO - ******************** Login test is passed *****************
2025-04-29 17:38:55,735 -root - INFO - ******************** Login test is passed *****************
2025-04-29 17:38:55,735 -root - INFO - ******************** Login test is passed *****************
2025-04-29 17:38:55,740 -root - INFO - ******************** Checking login test **********************
2025-04-29 17:38:55,740 -root - INFO - ******************** Checking login test **********************
2025-04-29 17:38:55,740 -root - INFO - ******************** Checking login test **********************
2025-04-29 17:38:55,740 -root - INFO - ******************** Checking login test **********************
2025-04-29 17:38:55,740 -root - INFO - ******************** Checking login test **********************
2025-04-29 17:38:59,152 -root - INFO - ******************** Login test is passed *****************
2025-04-29 17:38:59,152 -root - INFO - ******************** Login test is passed *****************
2025-04-29 17:38:59,152 -root - INFO - ******************** Login test is passed *****************
2025-04-29 17:38:59,152 -root - INFO - ******************** Login test is passed *****************
2025-04-29 17:38:59,152 -root - INFO - ******************** Login test is passed *****************
2025-04-29 17:38:59,157 -root - INFO - ******************** Checking login test **********************
2025-04-29 17:38:59,157 -root - INFO - ******************** Checking login test **********************
2025-04-29 17:38:59,157 -root - INFO - ******************** Checking login test **********************
2025-04-29 17:38:59,157 -root - INFO - ******************** Checking login test **********************
2025-04-29 17:38:59,157 -root - INFO - ******************** Checking login test **********************
2025-04-29 17:39:07,724 -root - INFO - ******************** Login test is passed *****************
2025-04-29 17:39:07,724 -root - INFO - ******************** Login test is passed *****************
2025-04-29 17:39:07,724 -root - INFO - ******************** Login test is passed *****************
2025-04-29 17:39:07,724 -root - INFO - ******************** Login test is passed *****************
2025-04-29 17:39:07,724 -root - INFO - ******************** Login test is passed *****************
2025-04-29 17:39:07,728 -root - INFO - ******************** Checking login test **********************
2025-04-29 17:39:07,728 -root - INFO - ******************** Checking login test **********************
2025-04-29 17:39:07,728 -root - INFO - ******************** Checking login test **********************
2025-04-29 17:39:07,728 -root - INFO - ******************** Checking login test **********************
2025-04-29 17:39:07,728 -root - INFO - ******************** Checking login test **********************
2025-04-29 17:39:11,166 -root - INFO - ******************** Login test is passed *****************
2025-04-29 17:39:11,166 -root - INFO - ******************** Login test is passed *****************
2025-04-29 17:39:11,166 -root - INFO - ******************** Login test is passed *****************
2025-04-29 17:39:11,166 -root - INFO - ******************** Login test is passed *****************
2025-04-29 17:39:11,166 -root - INFO - ******************** Login test is passed *****************
2025-04-29 17:39:11,170 -root - INFO - ******************** Checking login test **********************
2025-04-29 17:39:11,170 -root - INFO - ******************** Checking login test **********************
2025-04-29 17:39:11,170 -root - INFO - ******************** Checking login test **********************
2025-04-29 17:39:11,170 -root - INFO - ******************** Checking login test **********************
2025-04-29 17:39:11,170 -root - INFO - ******************** Checking login test **********************
2025-04-29 17:39:14,530 -root - INFO - ******************** Login test is passed *****************
2025-04-29 17:39:14,530 -root - INFO - ******************** Login test is passed *****************
2025-04-29 17:39:14,530 -root - INFO - ******************** Login test is passed *****************
2025-04-29 17:39:14,530 -root - INFO - ******************** Login test is passed *****************
2025-04-29 17:39:14,530 -root - INFO - ******************** Login test is passed *****************
2025-04-29 17:39:14,534 -root - INFO - ******************** Checking login test **********************
2025-04-29 17:39:14,534 -root - INFO - ******************** Checking login test **********************
2025-04-29 17:39:14,534 -root - INFO - ******************** Checking login test **********************
2025-04-29 17:39:14,534 -root - INFO - ******************** Checking login test **********************
2025-04-29 17:39:14,534 -root - INFO - ******************** Checking login test **********************
2025-04-29 17:39:17,920 -root - INFO - ******************** Login test is passed *****************
2025-04-29 17:39:17,920 -root - INFO - ******************** Login test is passed *****************
2025-04-29 17:39:17,920 -root - INFO - ******************** Login test is passed *****************
2025-04-29 17:39:17,920 -root - INFO - ******************** Login test is passed *****************
2025-04-29 17:39:17,920 -root - INFO - ******************** Login test is passed *****************
2025-04-29 17:39:17,924 -root - INFO - ******************** Checking login test **********************
2025-04-29 17:39:17,924 -root - INFO - ******************** Checking login test **********************
2025-04-29 17:39:17,924 -root - INFO - ******************** Checking login test **********************
2025-04-29 17:39:17,924 -root - INFO - ******************** Checking login test **********************
2025-04-29 17:39:17,924 -root - INFO - ******************** Checking login test **********************
2025-04-29 17:39:21,636 -root - INFO - ******************** Login test is passed *****************
2025-04-29 17:39:21,636 -root - INFO - ******************** Login test is passed *****************
2025-04-29 17:39:21,636 -root - INFO - ******************** Login test is passed *****************
2025-04-29 17:39:21,636 -root - INFO - ******************** Login test is passed *****************
2025-04-29 17:39:21,636 -root - INFO - ******************** Login test is passed *****************
2025-04-29 17:39:27,061 -root - INFO - ******************** Test_001_login *****************
2025-04-29 17:39:27,061 -root - INFO - ******************** Test_001_login *****************
2025-04-29 17:39:27,061 -root - INFO - ******************** Test_001_login *****************
2025-04-29 17:39:27,061 -root - INFO - ******************** Test_001_login *****************
2025-04-29 17:39:27,061 -root - INFO - ******************** Test_001_login *****************
2025-04-29 17:39:27,062 -root - INFO - ******************** Checking login test **********************
2025-04-29 17:39:27,062 -root - INFO - ******************** Checking login test **********************
2025-04-29 17:39:27,062 -root - INFO - ******************** Checking login test **********************
2025-04-29 17:39:27,062 -root - INFO - ******************** Checking login test **********************
2025-04-29 17:39:27,062 -root - INFO - ******************** Checking login test **********************
2025-04-29 17:40:43,746 -root - INFO - ***************** Login test passed ***************
2025-04-29 17:40:43,746 -root - INFO - ***************** Login test passed ***************
2025-04-29 17:40:43,746 -root - INFO - ***************** Login test passed ***************
2025-04-29 17:40:43,746 -root - INFO - ***************** Login test passed ***************
2025-04-29 17:40:43,746 -root - INFO - ***************** Login test passed ***************
2025-04-29 17:40:50,057 -urllib3.connectionpool - WARNING - Retrying (Retry(total=2, connect=None, read=None, redirect=None, status=None)) after connection broken by 'NewConnectionError('<urllib3.connection.HTTPConnection object at 0x00000246673DB9B0>: Failed to establish a new connection: [WinError 10061] No connection could be made because the target machine actively refused it')': /session/8e0aa7b88016c5df74246999e4e871bb
2025-04-29 17:40:50,057 -urllib3.connectionpool - WARNING - Retrying (Retry(total=2, connect=None, read=None, redirect=None, status=None)) after connection broken by 'NewConnectionError('<urllib3.connection.HTTPConnection object at 0x00000246673DB9B0>: Failed to establish a new connection: [WinError 10061] No connection could be made because the target machine actively refused it')': /session/8e0aa7b88016c5df74246999e4e871bb
2025-04-29 17:40:50,057 -urllib3.connectionpool - WARNING - Retrying (Retry(total=2, connect=None, read=None, redirect=None, status=None)) after connection broken by 'NewConnectionError('<urllib3.connection.HTTPConnection object at 0x00000246673DB9B0>: Failed to establish a new connection: [WinError 10061] No connection could be made because the target machine actively refused it')': /session/8e0aa7b88016c5df74246999e4e871bb
2025-04-29 17:40:50,057 -urllib3.connectionpool - WARNING - Retrying (Retry(total=2, connect=None, read=None, redirect=None, status=None)) after connection broken by 'NewConnectionError('<urllib3.connection.HTTPConnection object at 0x00000246673DB9B0>: Failed to establish a new connection: [WinError 10061] No connection could be made because the target machine actively refused it')': /session/8e0aa7b88016c5df74246999e4e871bb
2025-04-29 17:40:50,057 -urllib3.connectionpool - WARNING - Retrying (Retry(total=2, connect=None, read=None, redirect=None, status=None)) after connection broken by 'NewConnectionError('<urllib3.connection.HTTPConnection object at 0x00000246673DB9B0>: Failed to establish a new connection: [WinError 10061] No connection could be made because the target machine actively refused it')': /session/8e0aa7b88016c5df74246999e4e871bb
2025-04-29 17:40:54,119 -urllib3.connectionpool - WARNING - Retrying (Retry(total=1, connect=None, read=None, redirect=None, status=None)) after connection broken by 'NewConnectionError('<urllib3.connection.HTTPConnection object at 0x00000246677E85A0>: Failed to establish a new connection: [WinError 10061] No connection could be made because the target machine actively refused it')': /session/8e0aa7b88016c5df74246999e4e871bb
2025-04-29 17:40:54,119 -urllib3.connectionpool - WARNING - Retrying (Retry(total=1, connect=None, read=None, redirect=None, status=None)) after connection broken by 'NewConnectionError('<urllib3.connection.HTTPConnection object at 0x00000246677E85A0>: Failed to establish a new connection: [WinError 10061] No connection could be made because the target machine actively refused it')': /session/8e0aa7b88016c5df74246999e4e871bb
2025-04-29 17:40:54,119 -urllib3.connectionpool - WARNING - Retrying (Retry(total=1, connect=None, read=None, redirect=None, status=None)) after connection broken by 'NewConnectionError('<urllib3.connection.HTTPConnection object at 0x00000246677E85A0>: Failed to establish a new connection: [WinError 10061] No connection could be made because the target machine actively refused it')': /session/8e0aa7b88016c5df74246999e4e871bb
2025-04-29 17:40:54,119 -urllib3.connectionpool - WARNING - Retrying (Retry(total=1, connect=None, read=None, redirect=None, status=None)) after connection broken by 'NewConnectionError('<urllib3.connection.HTTPConnection object at 0x00000246677E85A0>: Failed to establish a new connection: [WinError 10061] No connection could be made because the target machine actively refused it')': /session/8e0aa7b88016c5df74246999e4e871bb
2025-04-29 17:40:54,119 -urllib3.connectionpool - WARNING - Retrying (Retry(total=1, connect=None, read=None, redirect=None, status=None)) after connection broken by 'NewConnectionError('<urllib3.connection.HTTPConnection object at 0x00000246677E85A0>: Failed to establish a new connection: [WinError 10061] No connection could be made because the target machine actively refused it')': /session/8e0aa7b88016c5df74246999e4e871bb
2025-04-29 17:40:58,154 -urllib3.connectionpool - WARNING - Retrying (Retry(total=0, connect=None, read=None, redirect=None, status=None)) after connection broken by 'NewConnectionError('<urllib3.connection.HTTPConnection object at 0x00000246677EB130>: Failed to establish a new connection: [WinError 10061] No connection could be made because the target machine actively refused it')': /session/8e0aa7b88016c5df74246999e4e871bb
2025-04-29 17:40:58,154 -urllib3.connectionpool - WARNING - Retrying (Retry(total=0, connect=None, read=None, redirect=None, status=None)) after connection broken by 'NewConnectionError('<urllib3.connection.HTTPConnection object at 0x00000246677EB130>: Failed to establish a new connection: [WinError 10061] No connection could be made because the target machine actively refused it')': /session/8e0aa7b88016c5df74246999e4e871bb
2025-04-29 17:40:58,154 -urllib3.connectionpool - WARNING - Retrying (Retry(total=0, connect=None, read=None, redirect=None, status=None)) after connection broken by 'NewConnectionError('<urllib3.connection.HTTPConnection object at 0x00000246677EB130>: Failed to establish a new connection: [WinError 10061] No connection could be made because the target machine actively refused it')': /session/8e0aa7b88016c5df74246999e4e871bb
2025-04-29 17:40:58,154 -urllib3.connectionpool - WARNING - Retrying (Retry(total=0, connect=None, read=None, redirect=None, status=None)) after connection broken by 'NewConnectionError('<urllib3.connection.HTTPConnection object at 0x00000246677EB130>: Failed to establish a new connection: [WinError 10061] No connection could be made because the target machine actively refused it')': /session/8e0aa7b88016c5df74246999e4e871bb
2025-04-29 17:40:58,154 -urllib3.connectionpool - WARNING - Retrying (Retry(total=0, connect=None, read=None, redirect=None, status=None)) after connection broken by 'NewConnectionError('<urllib3.connection.HTTPConnection object at 0x00000246677EB130>: Failed to establish a new connection: [WinError 10061] No connection could be made because the target machine actively refused it')': /session/8e0aa7b88016c5df74246999e4e871bb
2025-04-29 19:18:33,443 -root - INFO - ******************** Test_001_Inventory *****************
2025-04-29 19:18:33,443 -root - INFO - ******************** Test_001_Inventory *****************
2025-04-29 19:18:33,443 -root - INFO - ******************** Test_001_Inventory *****************
2025-04-29 19:18:33,443 -root - INFO - ******************** Test_001_Inventory *****************
2025-04-29 19:18:33,443 -root - INFO - ******************** Test_001_Inventory *****************
2025-04-29 19:18:33,451 -root - INFO - ******************** Verifying inventory Home Page Title *****************
2025-04-29 19:18:33,451 -root - INFO - ******************** Verifying inventory Home Page Title *****************
2025-04-29 19:18:33,451 -root - INFO - ******************** Verifying inventory Home Page Title *****************
2025-04-29 19:18:33,451 -root - INFO - ******************** Verifying inventory Home Page Title *****************
2025-04-29 19:18:33,451 -root - INFO - ******************** Verifying inventory Home Page Title *****************
2025-04-29 19:18:38,377 -root - INFO - ******************** Verifying product details *****************
2025-04-29 19:18:38,377 -root - INFO - ******************** Verifying product details *****************
2025-04-29 19:18:38,377 -root - INFO - ******************** Verifying product details *****************
2025-04-29 19:18:38,377 -root - INFO - ******************** Verifying product details *****************
2025-04-29 19:18:38,377 -root - INFO - ******************** Verifying product details *****************
2025-04-29 19:18:38,454 -root - INFO - ******************** Adding products to cart *****************
2025-04-29 19:18:38,454 -root - INFO - ******************** Adding products to cart *****************
2025-04-29 19:18:38,454 -root - INFO - ******************** Adding products to cart *****************
2025-04-29 19:18:38,454 -root - INFO - ******************** Adding products to cart *****************
2025-04-29 19:18:38,454 -root - INFO - ******************** Adding products to cart *****************
2025-04-29 19:18:43,888 -root - INFO - ******************** Test_001_cart *****************
2025-04-29 19:18:43,888 -root - INFO - ******************** Test_001_cart *****************
2025-04-29 19:18:43,888 -root - INFO - ******************** Test_001_cart *****************
2025-04-29 19:18:43,888 -root - INFO - ******************** Test_001_cart *****************
2025-04-29 19:18:43,888 -root - INFO - ******************** Test_001_cart *****************
2025-04-29 19:18:43,888 -root - INFO - ******************** Verifying cart products *****************
2025-04-29 19:18:43,888 -root - INFO - ******************** Verifying cart products *****************
2025-04-29 19:18:43,888 -root - INFO - ******************** Verifying cart products *****************
2025-04-29 19:18:43,888 -root - INFO - ******************** Verifying cart products *****************
2025-04-29 19:18:43,888 -root - INFO - ******************** Verifying cart products *****************
2025-04-29 19:18:49,885 -root - INFO - ******************** Removing products from cart *****************
2025-04-29 19:18:49,885 -root - INFO - ******************** Removing products from cart *****************
2025-04-29 19:18:49,885 -root - INFO - ******************** Removing products from cart *****************
2025-04-29 19:18:49,885 -root - INFO - ******************** Removing products from cart *****************
2025-04-29 19:18:49,885 -root - INFO - ******************** Removing products from cart *****************
2025-04-29 19:18:53,973 -urllib3.connectionpool - WARNING - Retrying (Retry(total=2, connect=None, read=None, redirect=None, status=None)) after connection broken by 'NewConnectionError('<urllib3.connection.HTTPConnection object at 0x000001E60EE7FB10>: Failed to establish a new connection: [WinError 10061] No connection could be made because the target machine actively refused it')': /session/bb5c827437e59f237b5e697ee9067adc/url
2025-04-29 19:18:53,973 -urllib3.connectionpool - WARNING - Retrying (Retry(total=2, connect=None, read=None, redirect=None, status=None)) after connection broken by 'NewConnectionError('<urllib3.connection.HTTPConnection object at 0x000001E60EE7FB10>: Failed to establish a new connection: [WinError 10061] No connection could be made because the target machine actively refused it')': /session/bb5c827437e59f237b5e697ee9067adc/url
2025-04-29 19:18:53,973 -urllib3.connectionpool - WARNING - Retrying (Retry(total=2, connect=None, read=None, redirect=None, status=None)) after connection broken by 'NewConnectionError('<urllib3.connection.HTTPConnection object at 0x000001E60EE7FB10>: Failed to establish a new connection: [WinError 10061] No connection could be made because the target machine actively refused it')': /session/bb5c827437e59f237b5e697ee9067adc/url
2025-04-29 19:18:53,973 -urllib3.connectionpool - WARNING - Retrying (Retry(total=2, connect=None, read=None, redirect=None, status=None)) after connection broken by 'NewConnectionError('<urllib3.connection.HTTPConnection object at 0x000001E60EE7FB10>: Failed to establish a new connection: [WinError 10061] No connection could be made because the target machine actively refused it')': /session/bb5c827437e59f237b5e697ee9067adc/url
2025-04-29 19:18:53,973 -urllib3.connectionpool - WARNING - Retrying (Retry(total=2, connect=None, read=None, redirect=None, status=None)) after connection broken by 'NewConnectionError('<urllib3.connection.HTTPConnection object at 0x000001E60EE7FB10>: Failed to establish a new connection: [WinError 10061] No connection could be made because the target machine actively refused it')': /session/bb5c827437e59f237b5e697ee9067adc/url
2025-04-29 19:18:58,030 -urllib3.connectionpool - WARNING - Retrying (Retry(total=1, connect=None, read=None, redirect=None, status=None)) after connection broken by 'NewConnectionError('<urllib3.connection.HTTPConnection object at 0x000001E60EE83E10>: Failed to establish a new connection: [WinError 10061] No connection could be made because the target machine actively refused it')': /session/bb5c827437e59f237b5e697ee9067adc/url
2025-04-29 19:18:58,030 -urllib3.connectionpool - WARNING - Retrying (Retry(total=1, connect=None, read=None, redirect=None, status=None)) after connection broken by 'NewConnectionError('<urllib3.connection.HTTPConnection object at 0x000001E60EE83E10>: Failed to establish a new connection: [WinError 10061] No connection could be made because the target machine actively refused it')': /session/bb5c827437e59f237b5e697ee9067adc/url
2025-04-29 19:18:58,030 -urllib3.connectionpool - WARNING - Retrying (Retry(total=1, connect=None, read=None, redirect=None, status=None)) after connection broken by 'NewConnectionError('<urllib3.connection.HTTPConnection object at 0x000001E60EE83E10>: Failed to establish a new connection: [WinError 10061] No connection could be made because the target machine actively refused it')': /session/bb5c827437e59f237b5e697ee9067adc/url
2025-04-29 19:18:58,030 -urllib3.connectionpool - WARNING - Retrying (Retry(total=1, connect=None, read=None, redirect=None, status=None)) after connection broken by 'NewConnectionError('<urllib3.connection.HTTPConnection object at 0x000001E60EE83E10>: Failed to establish a new connection: [WinError 10061] No connection could be made because the target machine actively refused it')': /session/bb5c827437e59f237b5e697ee9067adc/url
2025-04-29 19:18:58,030 -urllib3.connectionpool - WARNING - Retrying (Retry(total=1, connect=None, read=None, redirect=None, status=None)) after connection broken by 'NewConnectionError('<urllib3.connection.HTTPConnection object at 0x000001E60EE83E10>: Failed to establish a new connection: [WinError 10061] No connection could be made because the target machine actively refused it')': /session/bb5c827437e59f237b5e697ee9067adc/url
2025-04-29 19:19:02,104 -urllib3.connectionpool - WARNING - Retrying (Retry(total=0, connect=None, read=None, redirect=None, status=None)) after connection broken by 'NewConnectionError('<urllib3.connection.HTTPConnection object at 0x000001E60EE83230>: Failed to establish a new connection: [WinError 10061] No connection could be made because the target machine actively refused it')': /session/bb5c827437e59f237b5e697ee9067adc/url
2025-04-29 19:19:02,104 -urllib3.connectionpool - WARNING - Retrying (Retry(total=0, connect=None, read=None, redirect=None, status=None)) after connection broken by 'NewConnectionError('<urllib3.connection.HTTPConnection object at 0x000001E60EE83230>: Failed to establish a new connection: [WinError 10061] No connection could be made because the target machine actively refused it')': /session/bb5c827437e59f237b5e697ee9067adc/url
2025-04-29 19:19:02,104 -urllib3.connectionpool - WARNING - Retrying (Retry(total=0, connect=None, read=None, redirect=None, status=None)) after connection broken by 'NewConnectionError('<urllib3.connection.HTTPConnection object at 0x000001E60EE83230>: Failed to establish a new connection: [WinError 10061] No connection could be made because the target machine actively refused it')': /session/bb5c827437e59f237b5e697ee9067adc/url
2025-04-29 19:19:02,104 -urllib3.connectionpool - WARNING - Retrying (Retry(total=0, connect=None, read=None, redirect=None, status=None)) after connection broken by 'NewConnectionError('<urllib3.connection.HTTPConnection object at 0x000001E60EE83230>: Failed to establish a new connection: [WinError 10061] No connection could be made because the target machine actively refused it')': /session/bb5c827437e59f237b5e697ee9067adc/url
2025-04-29 19:19:02,104 -urllib3.connectionpool - WARNING - Retrying (Retry(total=0, connect=None, read=None, redirect=None, status=None)) after connection broken by 'NewConnectionError('<urllib3.connection.HTTPConnection object at 0x000001E60EE83230>: Failed to establish a new connection: [WinError 10061] No connection could be made because the target machine actively refused it')': /session/bb5c827437e59f237b5e697ee9067adc/url
2025-04-29 19:19:10,373 -urllib3.connectionpool - WARNING - Retrying (Retry(total=2, connect=None, read=None, redirect=None, status=None)) after connection broken by 'NewConnectionError('<urllib3.connection.HTTPConnection object at 0x000001E60F381590>: Failed to establish a new connection: [WinError 10061] No connection could be made because the target machine actively refused it')': /session/bb5c827437e59f237b5e697ee9067adc
2025-04-29 19:19:10,373 -urllib3.connectionpool - WARNING - Retrying (Retry(total=2, connect=None, read=None, redirect=None, status=None)) after connection broken by 'NewConnectionError('<urllib3.connection.HTTPConnection object at 0x000001E60F381590>: Failed to establish a new connection: [WinError 10061] No connection could be made because the target machine actively refused it')': /session/bb5c827437e59f237b5e697ee9067adc
2025-04-29 19:19:10,373 -urllib3.connectionpool - WARNING - Retrying (Retry(total=2, connect=None, read=None, redirect=None, status=None)) after connection broken by 'NewConnectionError('<urllib3.connection.HTTPConnection object at 0x000001E60F381590>: Failed to establish a new connection: [WinError 10061] No connection could be made because the target machine actively refused it')': /session/bb5c827437e59f237b5e697ee9067adc
2025-04-29 19:19:10,373 -urllib3.connectionpool - WARNING - Retrying (Retry(total=2, connect=None, read=None, redirect=None, status=None)) after connection broken by 'NewConnectionError('<urllib3.connection.HTTPConnection object at 0x000001E60F381590>: Failed to establish a new connection: [WinError 10061] No connection could be made because the target machine actively refused it')': /session/bb5c827437e59f237b5e697ee9067adc
2025-04-29 19:19:10,373 -urllib3.connectionpool - WARNING - Retrying (Retry(total=2, connect=None, read=None, redirect=None, status=None)) after connection broken by 'NewConnectionError('<urllib3.connection.HTTPConnection object at 0x000001E60F381590>: Failed to establish a new connection: [WinError 10061] No connection could be made because the target machine actively refused it')': /session/bb5c827437e59f237b5e697ee9067adc
2025-04-29 19:19:14,420 -urllib3.connectionpool - WARNING - Retrying (Retry(total=1, connect=None, read=None, redirect=None, status=None)) after connection broken by 'NewConnectionError('<urllib3.connection.HTTPConnection object at 0x000001E60F380050>: Failed to establish a new connection: [WinError 10061] No connection could be made because the target machine actively refused it')': /session/bb5c827437e59f237b5e697ee9067adc
2025-04-29 19:19:14,420 -urllib3.connectionpool - WARNING - Retrying (Retry(total=1, connect=None, read=None, redirect=None, status=None)) after connection broken by 'NewConnectionError('<urllib3.connection.HTTPConnection object at 0x000001E60F380050>: Failed to establish a new connection: [WinError 10061] No connection could be made because the target machine actively refused it')': /session/bb5c827437e59f237b5e697ee9067adc
2025-04-29 19:19:14,420 -urllib3.connectionpool - WARNING - Retrying (Retry(total=1, connect=None, read=None, redirect=None, status=None)) after connection broken by 'NewConnectionError('<urllib3.connection.HTTPConnection object at 0x000001E60F380050>: Failed to establish a new connection: [WinError 10061] No connection could be made because the target machine actively refused it')': /session/bb5c827437e59f237b5e697ee9067adc
2025-04-29 19:19:14,420 -urllib3.connectionpool - WARNING - Retrying (Retry(total=1, connect=None, read=None, redirect=None, status=None)) after connection broken by 'NewConnectionError('<urllib3.connection.HTTPConnection object at 0x000001E60F380050>: Failed to establish a new connection: [WinError 10061] No connection could be made because the target machine actively refused it')': /session/bb5c827437e59f237b5e697ee9067adc
2025-04-29 19:19:14,420 -urllib3.connectionpool - WARNING - Retrying (Retry(total=1, connect=None, read=None, redirect=None, status=None)) after connection broken by 'NewConnectionError('<urllib3.connection.HTTPConnection object at 0x000001E60F380050>: Failed to establish a new connection: [WinError 10061] No connection could be made because the target machine actively refused it')': /session/bb5c827437e59f237b5e697ee9067adc
2025-04-29 19:19:18,494 -urllib3.connectionpool - WARNING - Retrying (Retry(total=0, connect=None, read=None, redirect=None, status=None)) after connection broken by 'NewConnectionError('<urllib3.connection.HTTPConnection object at 0x000001E60F3816A0>: Failed to establish a new connection: [WinError 10061] No connection could be made because the target machine actively refused it')': /session/bb5c827437e59f237b5e697ee9067adc
2025-04-29 19:19:18,494 -urllib3.connectionpool - WARNING - Retrying (Retry(total=0, connect=None, read=None, redirect=None, status=None)) after connection broken by 'NewConnectionError('<urllib3.connection.HTTPConnection object at 0x000001E60F3816A0>: Failed to establish a new connection: [WinError 10061] No connection could be made because the target machine actively refused it')': /session/bb5c827437e59f237b5e697ee9067adc
2025-04-29 19:19:18,494 -urllib3.connectionpool - WARNING - Retrying (Retry(total=0, connect=None, read=None, redirect=None, status=None)) after connection broken by 'NewConnectionError('<urllib3.connection.HTTPConnection object at 0x000001E60F3816A0>: Failed to establish a new connection: [WinError 10061] No connection could be made because the target machine actively refused it')': /session/bb5c827437e59f237b5e697ee9067adc
2025-04-29 19:19:18,494 -urllib3.connectionpool - WARNING - Retrying (Retry(total=0, connect=None, read=None, redirect=None, status=None)) after connection broken by 'NewConnectionError('<urllib3.connection.HTTPConnection object at 0x000001E60F3816A0>: Failed to establish a new connection: [WinError 10061] No connection could be made because the target machine actively refused it')': /session/bb5c827437e59f237b5e697ee9067adc
2025-04-29 19:19:18,494 -urllib3.connectionpool - WARNING - Retrying (Retry(total=0, connect=None, read=None, redirect=None, status=None)) after connection broken by 'NewConnectionError('<urllib3.connection.HTTPConnection object at 0x000001E60F3816A0>: Failed to establish a new connection: [WinError 10061] No connection could be made because the target machine actively refused it')': /session/bb5c827437e59f237b5e697ee9067adc
2025-04-29 19:19:23,831 -root - INFO - ******************** Test_001_Inventory *****************
2025-04-29 19:19:23,831 -root - INFO - ******************** Test_001_Inventory *****************
2025-04-29 19:19:23,831 -root - INFO - ******************** Test_001_Inventory *****************
2025-04-29 19:19:23,831 -root - INFO - ******************** Test_001_Inventory *****************
2025-04-29 19:19:23,831 -root - INFO - ******************** Test_001_Inventory *****************
2025-04-29 19:19:23,831 -root - INFO - ******************** Verifying inventory Home Page Title *****************
2025-04-29 19:19:23,831 -root - INFO - ******************** Verifying inventory Home Page Title *****************
2025-04-29 19:19:23,831 -root - INFO - ******************** Verifying inventory Home Page Title *****************
2025-04-29 19:19:23,831 -root - INFO - ******************** Verifying inventory Home Page Title *****************
2025-04-29 19:19:23,831 -root - INFO - ******************** Verifying inventory Home Page Title *****************
2025-04-29 19:19:25,781 -root - INFO - ******************** Test_001_checkout *****************
2025-04-29 19:19:25,781 -root - INFO - ******************** Test_001_checkout *****************
2025-04-29 19:19:25,781 -root - INFO - ******************** Test_001_checkout *****************
2025-04-29 19:19:25,781 -root - INFO - ******************** Test_001_checkout *****************
2025-04-29 19:19:25,781 -root - INFO - ******************** Test_001_checkout *****************
2025-04-29 19:19:25,782 -root - INFO - ******************** Verifying checkout Page url *****************
2025-04-29 19:19:25,782 -root - INFO - ******************** Verifying checkout Page url *****************
2025-04-29 19:19:25,782 -root - INFO - ******************** Verifying checkout Page url *****************
2025-04-29 19:19:25,782 -root - INFO - ******************** Verifying checkout Page url *****************
2025-04-29 19:19:25,782 -root - INFO - ******************** Verifying checkout Page url *****************
2025-04-29 19:19:53,836 -root - INFO - ******************** Verifying checkout items *****************
2025-04-29 19:19:53,836 -root - INFO - ******************** Verifying checkout items *****************
2025-04-29 19:19:53,836 -root - INFO - ******************** Verifying checkout items *****************
2025-04-29 19:19:53,836 -root - INFO - ******************** Verifying checkout items *****************
2025-04-29 19:19:53,836 -root - INFO - ******************** Verifying checkout items *****************
2025-04-29 19:19:53,910 -root - INFO - ******************** Verifying finish button *****************
2025-04-29 19:19:53,910 -root - INFO - ******************** Verifying finish button *****************
2025-04-29 19:19:53,910 -root - INFO - ******************** Verifying finish button *****************
2025-04-29 19:19:53,910 -root - INFO - ******************** Verifying finish button *****************
2025-04-29 19:19:53,910 -root - INFO - ******************** Verifying finish button *****************
2025-04-29 19:19:55,361 -root - INFO - ******************** Verifying product details *****************
2025-04-29 19:19:55,361 -root - INFO - ******************** Verifying product details *****************
2025-04-29 19:19:55,361 -root - INFO - ******************** Verifying product details *****************
2025-04-29 19:19:55,361 -root - INFO - ******************** Verifying product details *****************
2025-04-29 19:19:55,361 -root - INFO - ******************** Verifying product details *****************
2025-04-29 19:19:55,434 -root - INFO - ******************** Adding products to cart *****************
2025-04-29 19:19:55,434 -root - INFO - ******************** Adding products to cart *****************
2025-04-29 19:19:55,434 -root - INFO - ******************** Adding products to cart *****************
2025-04-29 19:19:55,434 -root - INFO - ******************** Adding products to cart *****************
2025-04-29 19:19:55,434 -root - INFO - ******************** Adding products to cart *****************
2025-04-29 19:19:58,828 -root - INFO - ******************** Test_001_login *****************
2025-04-29 19:19:58,828 -root - INFO - ******************** Test_001_login *****************
2025-04-29 19:19:58,828 -root - INFO - ******************** Test_001_login *****************
2025-04-29 19:19:58,828 -root - INFO - ******************** Test_001_login *****************
2025-04-29 19:19:58,828 -root - INFO - ******************** Test_001_login *****************
2025-04-29 19:19:58,829 -root - INFO - ******************** Verifying Home Page Title *****************
2025-04-29 19:19:58,829 -root - INFO - ******************** Verifying Home Page Title *****************
2025-04-29 19:19:58,829 -root - INFO - ******************** Verifying Home Page Title *****************
2025-04-29 19:19:58,829 -root - INFO - ******************** Verifying Home Page Title *****************
2025-04-29 19:19:58,829 -root - INFO - ******************** Verifying Home Page Title *****************
2025-04-29 19:19:58,847 -root - INFO - ******************** Home Page title test is passed *****************
2025-04-29 19:19:58,847 -root - INFO - ******************** Home Page title test is passed *****************
2025-04-29 19:19:58,847 -root - INFO - ******************** Home Page title test is passed *****************
2025-04-29 19:19:58,847 -root - INFO - ******************** Home Page title test is passed *****************
2025-04-29 19:19:58,847 -root - INFO - ******************** Home Page title test is passed *****************
2025-04-29 19:19:58,854 -root - INFO - ******************** Checking login test **********************
2025-04-29 19:19:58,854 -root - INFO - ******************** Checking login test **********************
2025-04-29 19:19:58,854 -root - INFO - ******************** Checking login test **********************
2025-04-29 19:19:58,854 -root - INFO - ******************** Checking login test **********************
2025-04-29 19:19:58,854 -root - INFO - ******************** Checking login test **********************
2025-04-29 19:20:00,114 -root - INFO - ******************** Test_001_cart *****************
2025-04-29 19:20:00,114 -root - INFO - ******************** Test_001_cart *****************
2025-04-29 19:20:00,114 -root - INFO - ******************** Test_001_cart *****************
2025-04-29 19:20:00,114 -root - INFO - ******************** Test_001_cart *****************
2025-04-29 19:20:00,114 -root - INFO - ******************** Test_001_cart *****************
2025-04-29 19:20:00,115 -root - INFO - ******************** Verifying cart products *****************
2025-04-29 19:20:00,115 -root - INFO - ******************** Verifying cart products *****************
2025-04-29 19:20:00,115 -root - INFO - ******************** Verifying cart products *****************
2025-04-29 19:20:00,115 -root - INFO - ******************** Verifying cart products *****************
2025-04-29 19:20:00,115 -root - INFO - ******************** Verifying cart products *****************
2025-04-29 19:20:02,492 -root - INFO - ******************** Removing products from cart *****************
2025-04-29 19:20:02,492 -root - INFO - ******************** Removing products from cart *****************
2025-04-29 19:20:02,492 -root - INFO - ******************** Removing products from cart *****************
2025-04-29 19:20:02,492 -root - INFO - ******************** Removing products from cart *****************
2025-04-29 19:20:02,492 -root - INFO - ******************** Removing products from cart *****************
2025-04-29 19:20:06,945 -root - INFO - ******************** Checking login test **********************
2025-04-29 19:20:06,945 -root - INFO - ******************** Checking login test **********************
2025-04-29 19:20:06,945 -root - INFO - ******************** Checking login test **********************
2025-04-29 19:20:06,945 -root - INFO - ******************** Checking login test **********************
2025-04-29 19:20:06,945 -root - INFO - ******************** Checking login test **********************
2025-04-29 19:20:07,013 -root - INFO - ******************** Checking login test **********************
2025-04-29 19:20:07,013 -root - INFO - ******************** Checking login test **********************
2025-04-29 19:20:07,013 -root - INFO - ******************** Checking login test **********************
2025-04-29 19:20:07,013 -root - INFO - ******************** Checking login test **********************
2025-04-29 19:20:07,013 -root - INFO - ******************** Checking login test **********************
2025-04-29 19:20:07,056 -root - INFO - ******************** Test_001_checkout *****************
2025-04-29 19:20:07,056 -root - INFO - ******************** Test_001_checkout *****************
2025-04-29 19:20:07,056 -root - INFO - ******************** Test_001_checkout *****************
2025-04-29 19:20:07,056 -root - INFO - ******************** Test_001_checkout *****************
2025-04-29 19:20:07,056 -root - INFO - ******************** Test_001_checkout *****************
2025-04-29 19:20:07,057 -root - INFO - ******************** Verifying checkout Page url *****************
2025-04-29 19:20:07,057 -root - INFO - ******************** Verifying checkout Page url *****************
2025-04-29 19:20:07,057 -root - INFO - ******************** Verifying checkout Page url *****************
2025-04-29 19:20:07,057 -root - INFO - ******************** Verifying checkout Page url *****************
2025-04-29 19:20:07,057 -root - INFO - ******************** Verifying checkout Page url *****************
2025-04-29 19:20:07,094 -root - INFO - ******************** Checking login test **********************
2025-04-29 19:20:07,094 -root - INFO - ******************** Checking login test **********************
2025-04-29 19:20:07,094 -root - INFO - ******************** Checking login test **********************
2025-04-29 19:20:07,094 -root - INFO - ******************** Checking login test **********************
2025-04-29 19:20:07,094 -root - INFO - ******************** Checking login test **********************
2025-04-29 19:20:07,158 -root - INFO - ******************** Checking login test **********************
2025-04-29 19:20:07,158 -root - INFO - ******************** Checking login test **********************
2025-04-29 19:20:07,158 -root - INFO - ******************** Checking login test **********************
2025-04-29 19:20:07,158 -root - INFO - ******************** Checking login test **********************
2025-04-29 19:20:07,158 -root - INFO - ******************** Checking login test **********************
2025-04-29 19:20:07,220 -root - INFO - ******************** Checking login test **********************
2025-04-29 19:20:07,220 -root - INFO - ******************** Checking login test **********************
2025-04-29 19:20:07,220 -root - INFO - ******************** Checking login test **********************
2025-04-29 19:20:07,220 -root - INFO - ******************** Checking login test **********************
2025-04-29 19:20:07,220 -root - INFO - ******************** Checking login test **********************
2025-04-29 19:20:07,286 -root - INFO - ******************** Checking login test **********************
2025-04-29 19:20:07,286 -root - INFO - ******************** Checking login test **********************
2025-04-29 19:20:07,286 -root - INFO - ******************** Checking login test **********************
2025-04-29 19:20:07,286 -root - INFO - ******************** Checking login test **********************
2025-04-29 19:20:07,286 -root - INFO - ******************** Checking login test **********************
2025-04-29 19:20:07,351 -root - INFO - ******************** Checking login test **********************
2025-04-29 19:20:07,351 -root - INFO - ******************** Checking login test **********************
2025-04-29 19:20:07,351 -root - INFO - ******************** Checking login test **********************
2025-04-29 19:20:07,351 -root - INFO - ******************** Checking login test **********************
2025-04-29 19:20:07,351 -root - INFO - ******************** Checking login test **********************
2025-04-29 19:20:12,456 -root - INFO - ******************** Test_001_login *****************
2025-04-29 19:20:12,456 -root - INFO - ******************** Test_001_login *****************
2025-04-29 19:20:12,456 -root - INFO - ******************** Test_001_login *****************
2025-04-29 19:20:12,456 -root - INFO - ******************** Test_001_login *****************
2025-04-29 19:20:12,456 -root - INFO - ******************** Test_001_login *****************
2025-04-29 19:20:12,456 -root - INFO - ******************** Checking login test **********************
2025-04-29 19:20:12,456 -root - INFO - ******************** Checking login test **********************
2025-04-29 19:20:12,456 -root - INFO - ******************** Checking login test **********************
2025-04-29 19:20:12,456 -root - INFO - ******************** Checking login test **********************
2025-04-29 19:20:12,456 -root - INFO - ******************** Checking login test **********************
2025-04-29 19:20:43,465 -root - INFO - ******************** Checkout page url test is passed *****************
2025-04-29 19:20:43,465 -root - INFO - ******************** Checkout page url test is passed *****************
2025-04-29 19:20:43,465 -root - INFO - ******************** Checkout page url test is passed *****************
2025-04-29 19:20:43,465 -root - INFO - ******************** Checkout page url test is passed *****************
2025-04-29 19:20:43,465 -root - INFO - ******************** Checkout page url test is passed *****************
2025-04-29 19:20:46,208 -root - INFO - ******************** Verifying checkout items *****************
2025-04-29 19:20:46,208 -root - INFO - ******************** Verifying checkout items *****************
2025-04-29 19:20:46,208 -root - INFO - ******************** Verifying checkout items *****************
2025-04-29 19:20:46,208 -root - INFO - ******************** Verifying checkout items *****************
2025-04-29 19:20:46,208 -root - INFO - ******************** Verifying checkout items *****************
2025-04-29 19:21:00,774 -root - INFO - ******************** checkout items verification test is passed *****************
2025-04-29 19:21:00,774 -root - INFO - ******************** checkout items verification test is passed *****************
2025-04-29 19:21:00,774 -root - INFO - ******************** checkout items verification test is passed *****************
2025-04-29 19:21:00,774 -root - INFO - ******************** checkout items verification test is passed *****************
2025-04-29 19:21:00,774 -root - INFO - ******************** checkout items verification test is passed *****************
2025-04-29 19:21:01,370 -root - INFO - ******************** Verifying finish button *****************
2025-04-29 19:21:01,370 -root - INFO - ******************** Verifying finish button *****************
2025-04-29 19:21:01,370 -root - INFO - ******************** Verifying finish button *****************
2025-04-29 19:21:01,370 -root - INFO - ******************** Verifying finish button *****************
2025-04-29 19:21:01,370 -root - INFO - ******************** Verifying finish button *****************
2025-04-29 19:21:18,303 -root - INFO - ******************** Verifying finish button test is passed *****************
2025-04-29 19:21:18,303 -root - INFO - ******************** Verifying finish button test is passed *****************
2025-04-29 19:21:18,303 -root - INFO - ******************** Verifying finish button test is passed *****************
2025-04-29 19:21:18,303 -root - INFO - ******************** Verifying finish button test is passed *****************
2025-04-29 19:21:18,303 -root - INFO - ******************** Verifying finish button test is passed *****************
2025-04-29 19:21:27,387 -root - INFO - ******************** Test_001_login *****************
2025-04-29 19:21:27,387 -root - INFO - ******************** Test_001_login *****************
2025-04-29 19:21:27,387 -root - INFO - ******************** Test_001_login *****************
2025-04-29 19:21:27,387 -root - INFO - ******************** Test_001_login *****************
2025-04-29 19:21:27,387 -root - INFO - ******************** Test_001_login *****************
2025-04-29 19:21:27,388 -root - INFO - ******************** Verifying Home Page Title *****************
2025-04-29 19:21:27,388 -root - INFO - ******************** Verifying Home Page Title *****************
2025-04-29 19:21:27,388 -root - INFO - ******************** Verifying Home Page Title *****************
2025-04-29 19:21:27,388 -root - INFO - ******************** Verifying Home Page Title *****************
2025-04-29 19:21:27,388 -root - INFO - ******************** Verifying Home Page Title *****************
2025-04-29 19:21:27,400 -root - INFO - ******************** Home Page title test is passed *****************
2025-04-29 19:21:27,400 -root - INFO - ******************** Home Page title test is passed *****************
2025-04-29 19:21:27,400 -root - INFO - ******************** Home Page title test is passed *****************
2025-04-29 19:21:27,400 -root - INFO - ******************** Home Page title test is passed *****************
2025-04-29 19:21:27,400 -root - INFO - ******************** Home Page title test is passed *****************
2025-04-29 19:21:27,403 -root - INFO - ******************** Checking login test **********************
2025-04-29 19:21:27,403 -root - INFO - ******************** Checking login test **********************
2025-04-29 19:21:27,403 -root - INFO - ******************** Checking login test **********************
2025-04-29 19:21:27,403 -root - INFO - ******************** Checking login test **********************
2025-04-29 19:21:27,403 -root - INFO - ******************** Checking login test **********************
2025-04-29 19:21:34,793 -root - INFO - ******************** Test_001_Inventory *****************
2025-04-29 19:21:34,793 -root - INFO - ******************** Test_001_Inventory *****************
2025-04-29 19:21:34,793 -root - INFO - ******************** Test_001_Inventory *****************
2025-04-29 19:21:34,793 -root - INFO - ******************** Test_001_Inventory *****************
2025-04-29 19:21:34,793 -root - INFO - ******************** Test_001_Inventory *****************
2025-04-29 19:21:34,793 -root - INFO - ******************** Verifying inventory Home Page Title *****************
2025-04-29 19:21:34,793 -root - INFO - ******************** Verifying inventory Home Page Title *****************
2025-04-29 19:21:34,793 -root - INFO - ******************** Verifying inventory Home Page Title *****************
2025-04-29 19:21:34,793 -root - INFO - ******************** Verifying inventory Home Page Title *****************
2025-04-29 19:21:34,793 -root - INFO - ******************** Verifying inventory Home Page Title *****************
2025-04-29 19:22:19,406 -root - INFO - ******************** Login test is passed *****************
2025-04-29 19:22:19,406 -root - INFO - ******************** Login test is passed *****************
2025-04-29 19:22:19,406 -root - INFO - ******************** Login test is passed *****************
2025-04-29 19:22:19,406 -root - INFO - ******************** Login test is passed *****************
2025-04-29 19:22:19,406 -root - INFO - ******************** Login test is passed *****************
2025-04-29 19:22:19,410 -root - INFO - ******************** Checking login test **********************
2025-04-29 19:22:19,410 -root - INFO - ******************** Checking login test **********************
2025-04-29 19:22:19,410 -root - INFO - ******************** Checking login test **********************
2025-04-29 19:22:19,410 -root - INFO - ******************** Checking login test **********************
2025-04-29 19:22:19,410 -root - INFO - ******************** Checking login test **********************
2025-04-29 19:22:24,832 -root - INFO - ******************** Login test is passed *****************
2025-04-29 19:22:24,832 -root - INFO - ******************** Login test is passed *****************
2025-04-29 19:22:24,832 -root - INFO - ******************** Login test is passed *****************
2025-04-29 19:22:24,832 -root - INFO - ******************** Login test is passed *****************
2025-04-29 19:22:24,832 -root - INFO - ******************** Login test is passed *****************
2025-04-29 19:22:24,836 -root - INFO - ******************** Checking login test **********************
2025-04-29 19:22:24,836 -root - INFO - ******************** Checking login test **********************
2025-04-29 19:22:24,836 -root - INFO - ******************** Checking login test **********************
2025-04-29 19:22:24,836 -root - INFO - ******************** Checking login test **********************
2025-04-29 19:22:24,836 -root - INFO - ******************** Checking login test **********************
2025-04-29 19:22:28,429 -root - INFO - ******************** Login test is passed *****************
2025-04-29 19:22:28,429 -root - INFO - ******************** Login test is passed *****************
2025-04-29 19:22:28,429 -root - INFO - ******************** Login test is passed *****************
2025-04-29 19:22:28,429 -root - INFO - ******************** Login test is passed *****************
2025-04-29 19:22:28,429 -root - INFO - ******************** Login test is passed *****************
2025-04-29 19:22:28,433 -root - INFO - ******************** Checking login test **********************
2025-04-29 19:22:28,433 -root - INFO - ******************** Checking login test **********************
2025-04-29 19:22:28,433 -root - INFO - ******************** Checking login test **********************
2025-04-29 19:22:28,433 -root - INFO - ******************** Checking login test **********************
2025-04-29 19:22:28,433 -root - INFO - ******************** Checking login test **********************
2025-04-29 19:22:29,651 -root - INFO - ******************** Inventory Home Page title test is passed *****************
2025-04-29 19:22:29,651 -root - INFO - ******************** Inventory Home Page title test is passed *****************
2025-04-29 19:22:29,651 -root - INFO - ******************** Inventory Home Page title test is passed *****************
2025-04-29 19:22:29,651 -root - INFO - ******************** Inventory Home Page title test is passed *****************
2025-04-29 19:22:29,651 -root - INFO - ******************** Inventory Home Page title test is passed *****************
2025-04-29 19:22:29,656 -root - INFO - ******************** Adding products to cart *****************
2025-04-29 19:22:29,656 -root - INFO - ******************** Adding products to cart *****************
2025-04-29 19:22:29,656 -root - INFO - ******************** Adding products to cart *****************
2025-04-29 19:22:29,656 -root - INFO - ******************** Adding products to cart *****************
2025-04-29 19:22:29,656 -root - INFO - ******************** Adding products to cart *****************
2025-04-29 19:22:34,073 -root - INFO - ******************** Adding products to cart test is passed *****************
2025-04-29 19:22:34,073 -root - INFO - ******************** Adding products to cart test is passed *****************
2025-04-29 19:22:34,073 -root - INFO - ******************** Adding products to cart test is passed *****************
2025-04-29 19:22:34,073 -root - INFO - ******************** Adding products to cart test is passed *****************
2025-04-29 19:22:34,073 -root - INFO - ******************** Adding products to cart test is passed *****************
2025-04-29 19:22:37,077 -root - INFO - ******************** Login test is passed *****************
2025-04-29 19:22:37,077 -root - INFO - ******************** Login test is passed *****************
2025-04-29 19:22:37,077 -root - INFO - ******************** Login test is passed *****************
2025-04-29 19:22:37,077 -root - INFO - ******************** Login test is passed *****************
2025-04-29 19:22:37,077 -root - INFO - ******************** Login test is passed *****************
2025-04-29 19:22:37,081 -root - INFO - ******************** Checking login test **********************
2025-04-29 19:22:37,081 -root - INFO - ******************** Checking login test **********************
2025-04-29 19:22:37,081 -root - INFO - ******************** Checking login test **********************
2025-04-29 19:22:37,081 -root - INFO - ******************** Checking login test **********************
2025-04-29 19:22:37,081 -root - INFO - ******************** Checking login test **********************
2025-04-29 19:22:40,709 -root - INFO - ******************** Login test is passed *****************
2025-04-29 19:22:40,709 -root - INFO - ******************** Login test is passed *****************
2025-04-29 19:22:40,709 -root - INFO - ******************** Login test is passed *****************
2025-04-29 19:22:40,709 -root - INFO - ******************** Login test is passed *****************
2025-04-29 19:22:40,709 -root - INFO - ******************** Login test is passed *****************
2025-04-29 19:22:40,714 -root - INFO - ******************** Checking login test **********************
2025-04-29 19:22:40,714 -root - INFO - ******************** Checking login test **********************
2025-04-29 19:22:40,714 -root - INFO - ******************** Checking login test **********************
2025-04-29 19:22:40,714 -root - INFO - ******************** Checking login test **********************
2025-04-29 19:22:40,714 -root - INFO - ******************** Checking login test **********************
2025-04-29 19:22:41,370 -root - INFO - ******************** Test_001_cart *****************
2025-04-29 19:22:41,370 -root - INFO - ******************** Test_001_cart *****************
2025-04-29 19:22:41,370 -root - INFO - ******************** Test_001_cart *****************
2025-04-29 19:22:41,370 -root - INFO - ******************** Test_001_cart *****************
2025-04-29 19:22:41,370 -root - INFO - ******************** Test_001_cart *****************
2025-04-29 19:22:41,371 -root - INFO - ******************** Verifying cart products *****************
2025-04-29 19:22:41,371 -root - INFO - ******************** Verifying cart products *****************
2025-04-29 19:22:41,371 -root - INFO - ******************** Verifying cart products *****************
2025-04-29 19:22:41,371 -root - INFO - ******************** Verifying cart products *****************
2025-04-29 19:22:41,371 -root - INFO - ******************** Verifying cart products *****************
2025-04-29 19:22:44,158 -root - INFO - ******************** Login test is passed *****************
2025-04-29 19:22:44,158 -root - INFO - ******************** Login test is passed *****************
2025-04-29 19:22:44,158 -root - INFO - ******************** Login test is passed *****************
2025-04-29 19:22:44,158 -root - INFO - ******************** Login test is passed *****************
2025-04-29 19:22:44,158 -root - INFO - ******************** Login test is passed *****************
2025-04-29 19:22:44,160 -root - INFO - ******************** Checking login test **********************
2025-04-29 19:22:44,160 -root - INFO - ******************** Checking login test **********************
2025-04-29 19:22:44,160 -root - INFO - ******************** Checking login test **********************
2025-04-29 19:22:44,160 -root - INFO - ******************** Checking login test **********************
2025-04-29 19:22:44,160 -root - INFO - ******************** Checking login test **********************
2025-04-29 19:22:47,634 -root - INFO - ******************** Login test is passed *****************
2025-04-29 19:22:47,634 -root - INFO - ******************** Login test is passed *****************
2025-04-29 19:22:47,634 -root - INFO - ******************** Login test is passed *****************
2025-04-29 19:22:47,634 -root - INFO - ******************** Login test is passed *****************
2025-04-29 19:22:47,634 -root - INFO - ******************** Login test is passed *****************
2025-04-29 19:22:47,640 -root - INFO - ******************** Checking login test **********************
2025-04-29 19:22:47,640 -root - INFO - ******************** Checking login test **********************
2025-04-29 19:22:47,640 -root - INFO - ******************** Checking login test **********************
2025-04-29 19:22:47,640 -root - INFO - ******************** Checking login test **********************
2025-04-29 19:22:47,640 -root - INFO - ******************** Checking login test **********************
2025-04-29 19:22:51,173 -root - INFO - ******************** Login test is passed *****************
2025-04-29 19:22:51,173 -root - INFO - ******************** Login test is passed *****************
2025-04-29 19:22:51,173 -root - INFO - ******************** Login test is passed *****************
2025-04-29 19:22:51,173 -root - INFO - ******************** Login test is passed *****************
2025-04-29 19:22:51,173 -root - INFO - ******************** Login test is passed *****************
2025-04-29 19:22:57,607 -root - INFO - ******************** Test_001_login *****************
2025-04-29 19:22:57,607 -root - INFO - ******************** Test_001_login *****************
2025-04-29 19:22:57,607 -root - INFO - ******************** Test_001_login *****************
2025-04-29 19:22:57,607 -root - INFO - ******************** Test_001_login *****************
2025-04-29 19:22:57,607 -root - INFO - ******************** Test_001_login *****************
2025-04-29 19:22:57,608 -root - INFO - ******************** Checking login test **********************
2025-04-29 19:22:57,608 -root - INFO - ******************** Checking login test **********************
2025-04-29 19:22:57,608 -root - INFO - ******************** Checking login test **********************
2025-04-29 19:22:57,608 -root - INFO - ******************** Checking login test **********************
2025-04-29 19:22:57,608 -root - INFO - ******************** Checking login test **********************
2025-04-29 19:23:00,760 -root - INFO - ******************** Verifying cart is empty by default *****************
2025-04-29 19:23:00,760 -root - INFO - ******************** Verifying cart is empty by default *****************
2025-04-29 19:23:00,760 -root - INFO - ******************** Verifying cart is empty by default *****************
2025-04-29 19:23:00,760 -root - INFO - ******************** Verifying cart is empty by default *****************
2025-04-29 19:23:00,760 -root - INFO - ******************** Verifying cart is empty by default *****************
2025-04-29 19:24:09,002 -root - INFO - ******************** Test_001_login *****************
2025-04-29 19:24:09,002 -root - INFO - ******************** Test_001_login *****************
2025-04-29 19:24:09,002 -root - INFO - ******************** Test_001_login *****************
2025-04-29 19:24:09,002 -root - INFO - ******************** Test_001_login *****************
2025-04-29 19:24:09,002 -root - INFO - ******************** Test_001_login *****************
2025-04-29 19:24:09,002 -root - INFO - ******************** Verifying Home Page Title *****************
2025-04-29 19:24:09,002 -root - INFO - ******************** Verifying Home Page Title *****************
2025-04-29 19:24:09,002 -root - INFO - ******************** Verifying Home Page Title *****************
2025-04-29 19:24:09,002 -root - INFO - ******************** Verifying Home Page Title *****************
2025-04-29 19:24:09,002 -root - INFO - ******************** Verifying Home Page Title *****************
2025-04-29 19:24:09,009 -root - INFO - ******************** Home Page title test is passed *****************
2025-04-29 19:24:09,009 -root - INFO - ******************** Home Page title test is passed *****************
2025-04-29 19:24:09,009 -root - INFO - ******************** Home Page title test is passed *****************
2025-04-29 19:24:09,009 -root - INFO - ******************** Home Page title test is passed *****************
2025-04-29 19:24:09,009 -root - INFO - ******************** Home Page title test is passed *****************
2025-04-29 19:25:33,970 -root - INFO - ******************** Test_001_Inventory *****************
2025-04-29 19:25:33,970 -root - INFO - ******************** Test_001_Inventory *****************
2025-04-29 19:25:33,970 -root - INFO - ******************** Test_001_Inventory *****************
2025-04-29 19:25:33,970 -root - INFO - ******************** Test_001_Inventory *****************
2025-04-29 19:25:33,970 -root - INFO - ******************** Test_001_Inventory *****************
2025-04-29 19:25:33,971 -root - INFO - ******************** Verifying inventory Home Page Title *****************
2025-04-29 19:25:33,971 -root - INFO - ******************** Verifying inventory Home Page Title *****************
2025-04-29 19:25:33,971 -root - INFO - ******************** Verifying inventory Home Page Title *****************
2025-04-29 19:25:33,971 -root - INFO - ******************** Verifying inventory Home Page Title *****************
2025-04-29 19:25:33,971 -root - INFO - ******************** Verifying inventory Home Page Title *****************
2025-04-29 19:25:39,785 -root - INFO - ******************** Verifying product details *****************
2025-04-29 19:25:39,785 -root - INFO - ******************** Verifying product details *****************
2025-04-29 19:25:39,785 -root - INFO - ******************** Verifying product details *****************
2025-04-29 19:25:39,785 -root - INFO - ******************** Verifying product details *****************
2025-04-29 19:25:39,785 -root - INFO - ******************** Verifying product details *****************
2025-04-29 19:25:39,857 -root - INFO - ******************** Adding products to cart *****************
2025-04-29 19:25:39,857 -root - INFO - ******************** Adding products to cart *****************
2025-04-29 19:25:39,857 -root - INFO - ******************** Adding products to cart *****************
2025-04-29 19:25:39,857 -root - INFO - ******************** Adding products to cart *****************
2025-04-29 19:25:39,857 -root - INFO - ******************** Adding products to cart *****************
2025-04-29 19:25:45,066 -root - INFO - ******************** Test_001_cart *****************
2025-04-29 19:25:45,066 -root - INFO - ******************** Test_001_cart *****************
2025-04-29 19:25:45,066 -root - INFO - ******************** Test_001_cart *****************
2025-04-29 19:25:45,066 -root - INFO - ******************** Test_001_cart *****************
2025-04-29 19:25:45,066 -root - INFO - ******************** Test_001_cart *****************
2025-04-29 19:25:45,066 -root - INFO - ******************** Verifying cart products *****************
2025-04-29 19:25:45,066 -root - INFO - ******************** Verifying cart products *****************
2025-04-29 19:25:45,066 -root - INFO - ******************** Verifying cart products *****************
2025-04-29 19:25:45,066 -root - INFO - ******************** Verifying cart products *****************
2025-04-29 19:25:45,066 -root - INFO - ******************** Verifying cart products *****************
2025-04-29 19:25:45,241 -root - INFO - ******************** Removing products from cart *****************
2025-04-29 19:25:45,241 -root - INFO - ******************** Removing products from cart *****************
2025-04-29 19:25:45,241 -root - INFO - ******************** Removing products from cart *****************
2025-04-29 19:25:45,241 -root - INFO - ******************** Removing products from cart *****************
2025-04-29 19:25:45,241 -root - INFO - ******************** Removing products from cart *****************
2025-04-29 19:25:49,885 -root - INFO - ******************** Test_001_checkout *****************
2025-04-29 19:25:49,885 -root - INFO - ******************** Test_001_checkout *****************
2025-04-29 19:25:49,885 -root - INFO - ******************** Test_001_checkout *****************
2025-04-29 19:25:49,885 -root - INFO - ******************** Test_001_checkout *****************
2025-04-29 19:25:49,885 -root - INFO - ******************** Test_001_checkout *****************
2025-04-29 19:25:49,885 -root - INFO - ******************** Verifying checkout Page url *****************
2025-04-29 19:25:49,885 -root - INFO - ******************** Verifying checkout Page url *****************
2025-04-29 19:25:49,885 -root - INFO - ******************** Verifying checkout Page url *****************
2025-04-29 19:25:49,885 -root - INFO - ******************** Verifying checkout Page url *****************
2025-04-29 19:25:49,885 -root - INFO - ******************** Verifying checkout Page url *****************
2025-04-29 19:25:51,068 -root - INFO - ******************** Verifying checkout items *****************
2025-04-29 19:25:51,068 -root - INFO - ******************** Verifying checkout items *****************
2025-04-29 19:25:51,068 -root - INFO - ******************** Verifying checkout items *****************
2025-04-29 19:25:51,068 -root - INFO - ******************** Verifying checkout items *****************
2025-04-29 19:25:51,068 -root - INFO - ******************** Verifying checkout items *****************
2025-04-29 19:25:51,134 -root - INFO - ******************** Verifying finish button *****************
2025-04-29 19:25:51,134 -root - INFO - ******************** Verifying finish button *****************
2025-04-29 19:25:51,134 -root - INFO - ******************** Verifying finish button *****************
2025-04-29 19:25:51,134 -root - INFO - ******************** Verifying finish button *****************
2025-04-29 19:25:51,134 -root - INFO - ******************** Verifying finish button *****************
2025-04-29 19:25:55,711 -root - INFO - ******************** Test_001_login *****************
2025-04-29 19:25:55,711 -root - INFO - ******************** Test_001_login *****************
2025-04-29 19:25:55,711 -root - INFO - ******************** Test_001_login *****************
2025-04-29 19:25:55,711 -root - INFO - ******************** Test_001_login *****************
2025-04-29 19:25:55,711 -root - INFO - ******************** Test_001_login *****************
2025-04-29 19:25:55,711 -root - INFO - ******************** Verifying Home Page Title *****************
2025-04-29 19:25:55,711 -root - INFO - ******************** Verifying Home Page Title *****************
2025-04-29 19:25:55,711 -root - INFO - ******************** Verifying Home Page Title *****************
2025-04-29 19:25:55,711 -root - INFO - ******************** Verifying Home Page Title *****************
2025-04-29 19:25:55,711 -root - INFO - ******************** Verifying Home Page Title *****************
2025-04-29 19:25:55,717 -root - INFO - ******************** Home Page title test is passed *****************
2025-04-29 19:25:55,717 -root - INFO - ******************** Home Page title test is passed *****************
2025-04-29 19:25:55,717 -root - INFO - ******************** Home Page title test is passed *****************
2025-04-29 19:25:55,717 -root - INFO - ******************** Home Page title test is passed *****************
2025-04-29 19:25:55,717 -root - INFO - ******************** Home Page title test is passed *****************
2025-04-29 19:25:55,718 -root - INFO - ******************** Checking login test **********************
2025-04-29 19:25:55,718 -root - INFO - ******************** Checking login test **********************
2025-04-29 19:25:55,718 -root - INFO - ******************** Checking login test **********************
2025-04-29 19:25:55,718 -root - INFO - ******************** Checking login test **********************
2025-04-29 19:25:55,718 -root - INFO - ******************** Checking login test **********************
2025-04-29 19:26:01,756 -root - INFO - ******************** Checking login test **********************
2025-04-29 19:26:01,756 -root - INFO - ******************** Checking login test **********************
2025-04-29 19:26:01,756 -root - INFO - ******************** Checking login test **********************
2025-04-29 19:26:01,756 -root - INFO - ******************** Checking login test **********************
2025-04-29 19:26:01,756 -root - INFO - ******************** Checking login test **********************
2025-04-29 19:26:05,822 -urllib3.connectionpool - WARNING - Retrying (Retry(total=2, connect=None, read=None, redirect=None, status=None)) after connection broken by 'NewConnectionError('<urllib3.connection.HTTPConnection object at 0x00000201931416E0>: Failed to establish a new connection: [WinError 10061] No connection could be made because the target machine actively refused it')': /session/d329c380ccb2619fc965802ac2f68380/url
2025-04-29 19:26:05,822 -urllib3.connectionpool - WARNING - Retrying (Retry(total=2, connect=None, read=None, redirect=None, status=None)) after connection broken by 'NewConnectionError('<urllib3.connection.HTTPConnection object at 0x00000201931416E0>: Failed to establish a new connection: [WinError 10061] No connection could be made because the target machine actively refused it')': /session/d329c380ccb2619fc965802ac2f68380/url
2025-04-29 19:26:05,822 -urllib3.connectionpool - WARNING - Retrying (Retry(total=2, connect=None, read=None, redirect=None, status=None)) after connection broken by 'NewConnectionError('<urllib3.connection.HTTPConnection object at 0x00000201931416E0>: Failed to establish a new connection: [WinError 10061] No connection could be made because the target machine actively refused it')': /session/d329c380ccb2619fc965802ac2f68380/url
2025-04-29 19:26:05,822 -urllib3.connectionpool - WARNING - Retrying (Retry(total=2, connect=None, read=None, redirect=None, status=None)) after connection broken by 'NewConnectionError('<urllib3.connection.HTTPConnection object at 0x00000201931416E0>: Failed to establish a new connection: [WinError 10061] No connection could be made because the target machine actively refused it')': /session/d329c380ccb2619fc965802ac2f68380/url
2025-04-29 19:26:05,822 -urllib3.connectionpool - WARNING - Retrying (Retry(total=2, connect=None, read=None, redirect=None, status=None)) after connection broken by 'NewConnectionError('<urllib3.connection.HTTPConnection object at 0x00000201931416E0>: Failed to establish a new connection: [WinError 10061] No connection could be made because the target machine actively refused it')': /session/d329c380ccb2619fc965802ac2f68380/url
2025-04-29 19:26:09,895 -urllib3.connectionpool - WARNING - Retrying (Retry(total=1, connect=None, read=None, redirect=None, status=None)) after connection broken by 'NewConnectionError('<urllib3.connection.HTTPConnection object at 0x0000020192CB6570>: Failed to establish a new connection: [WinError 10061] No connection could be made because the target machine actively refused it')': /session/d329c380ccb2619fc965802ac2f68380/url
2025-04-29 19:26:09,895 -urllib3.connectionpool - WARNING - Retrying (Retry(total=1, connect=None, read=None, redirect=None, status=None)) after connection broken by 'NewConnectionError('<urllib3.connection.HTTPConnection object at 0x0000020192CB6570>: Failed to establish a new connection: [WinError 10061] No connection could be made because the target machine actively refused it')': /session/d329c380ccb2619fc965802ac2f68380/url
2025-04-29 19:26:09,895 -urllib3.connectionpool - WARNING - Retrying (Retry(total=1, connect=None, read=None, redirect=None, status=None)) after connection broken by 'NewConnectionError('<urllib3.connection.HTTPConnection object at 0x0000020192CB6570>: Failed to establish a new connection: [WinError 10061] No connection could be made because the target machine actively refused it')': /session/d329c380ccb2619fc965802ac2f68380/url
2025-04-29 19:26:09,895 -urllib3.connectionpool - WARNING - Retrying (Retry(total=1, connect=None, read=None, redirect=None, status=None)) after connection broken by 'NewConnectionError('<urllib3.connection.HTTPConnection object at 0x0000020192CB6570>: Failed to establish a new connection: [WinError 10061] No connection could be made because the target machine actively refused it')': /session/d329c380ccb2619fc965802ac2f68380/url
2025-04-29 19:26:09,895 -urllib3.connectionpool - WARNING - Retrying (Retry(total=1, connect=None, read=None, redirect=None, status=None)) after connection broken by 'NewConnectionError('<urllib3.connection.HTTPConnection object at 0x0000020192CB6570>: Failed to establish a new connection: [WinError 10061] No connection could be made because the target machine actively refused it')': /session/d329c380ccb2619fc965802ac2f68380/url
2025-04-29 19:26:13,951 -urllib3.connectionpool - WARNING - Retrying (Retry(total=0, connect=None, read=None, redirect=None, status=None)) after connection broken by 'NewConnectionError('<urllib3.connection.HTTPConnection object at 0x0000020192C32AD0>: Failed to establish a new connection: [WinError 10061] No connection could be made because the target machine actively refused it')': /session/d329c380ccb2619fc965802ac2f68380/url
2025-04-29 19:26:13,951 -urllib3.connectionpool - WARNING - Retrying (Retry(total=0, connect=None, read=None, redirect=None, status=None)) after connection broken by 'NewConnectionError('<urllib3.connection.HTTPConnection object at 0x0000020192C32AD0>: Failed to establish a new connection: [WinError 10061] No connection could be made because the target machine actively refused it')': /session/d329c380ccb2619fc965802ac2f68380/url
2025-04-29 19:26:13,951 -urllib3.connectionpool - WARNING - Retrying (Retry(total=0, connect=None, read=None, redirect=None, status=None)) after connection broken by 'NewConnectionError('<urllib3.connection.HTTPConnection object at 0x0000020192C32AD0>: Failed to establish a new connection: [WinError 10061] No connection could be made because the target machine actively refused it')': /session/d329c380ccb2619fc965802ac2f68380/url
2025-04-29 19:26:13,951 -urllib3.connectionpool - WARNING - Retrying (Retry(total=0, connect=None, read=None, redirect=None, status=None)) after connection broken by 'NewConnectionError('<urllib3.connection.HTTPConnection object at 0x0000020192C32AD0>: Failed to establish a new connection: [WinError 10061] No connection could be made because the target machine actively refused it')': /session/d329c380ccb2619fc965802ac2f68380/url
2025-04-29 19:26:13,951 -urllib3.connectionpool - WARNING - Retrying (Retry(total=0, connect=None, read=None, redirect=None, status=None)) after connection broken by 'NewConnectionError('<urllib3.connection.HTTPConnection object at 0x0000020192C32AD0>: Failed to establish a new connection: [WinError 10061] No connection could be made because the target machine actively refused it')': /session/d329c380ccb2619fc965802ac2f68380/url
2025-04-29 19:26:18,106 -root - INFO - ******************** Checking login test **********************
2025-04-29 19:26:18,106 -root - INFO - ******************** Checking login test **********************
2025-04-29 19:26:18,106 -root - INFO - ******************** Checking login test **********************
2025-04-29 19:26:18,106 -root - INFO - ******************** Checking login test **********************
2025-04-29 19:26:18,106 -root - INFO - ******************** Checking login test **********************
2025-04-29 19:26:22,138 -urllib3.connectionpool - WARNING - Retrying (Retry(total=2, connect=None, read=None, redirect=None, status=None)) after connection broken by 'NewConnectionError('<urllib3.connection.HTTPConnection object at 0x0000020192C33BD0>: Failed to establish a new connection: [WinError 10061] No connection could be made because the target machine actively refused it')': /session/d329c380ccb2619fc965802ac2f68380/url
2025-04-29 19:26:22,138 -urllib3.connectionpool - WARNING - Retrying (Retry(total=2, connect=None, read=None, redirect=None, status=None)) after connection broken by 'NewConnectionError('<urllib3.connection.HTTPConnection object at 0x0000020192C33BD0>: Failed to establish a new connection: [WinError 10061] No connection could be made because the target machine actively refused it')': /session/d329c380ccb2619fc965802ac2f68380/url
2025-04-29 19:26:22,138 -urllib3.connectionpool - WARNING - Retrying (Retry(total=2, connect=None, read=None, redirect=None, status=None)) after connection broken by 'NewConnectionError('<urllib3.connection.HTTPConnection object at 0x0000020192C33BD0>: Failed to establish a new connection: [WinError 10061] No connection could be made because the target machine actively refused it')': /session/d329c380ccb2619fc965802ac2f68380/url
2025-04-29 19:26:22,138 -urllib3.connectionpool - WARNING - Retrying (Retry(total=2, connect=None, read=None, redirect=None, status=None)) after connection broken by 'NewConnectionError('<urllib3.connection.HTTPConnection object at 0x0000020192C33BD0>: Failed to establish a new connection: [WinError 10061] No connection could be made because the target machine actively refused it')': /session/d329c380ccb2619fc965802ac2f68380/url
2025-04-29 19:26:22,138 -urllib3.connectionpool - WARNING - Retrying (Retry(total=2, connect=None, read=None, redirect=None, status=None)) after connection broken by 'NewConnectionError('<urllib3.connection.HTTPConnection object at 0x0000020192C33BD0>: Failed to establish a new connection: [WinError 10061] No connection could be made because the target machine actively refused it')': /session/d329c380ccb2619fc965802ac2f68380/url
2025-04-29 19:26:26,194 -urllib3.connectionpool - WARNING - Retrying (Retry(total=1, connect=None, read=None, redirect=None, status=None)) after connection broken by 'NewConnectionError('<urllib3.connection.HTTPConnection object at 0x0000020193114270>: Failed to establish a new connection: [WinError 10061] No connection could be made because the target machine actively refused it')': /session/d329c380ccb2619fc965802ac2f68380/url
2025-04-29 19:26:26,194 -urllib3.connectionpool - WARNING - Retrying (Retry(total=1, connect=None, read=None, redirect=None, status=None)) after connection broken by 'NewConnectionError('<urllib3.connection.HTTPConnection object at 0x0000020193114270>: Failed to establish a new connection: [WinError 10061] No connection could be made because the target machine actively refused it')': /session/d329c380ccb2619fc965802ac2f68380/url
2025-04-29 19:26:26,194 -urllib3.connectionpool - WARNING - Retrying (Retry(total=1, connect=None, read=None, redirect=None, status=None)) after connection broken by 'NewConnectionError('<urllib3.connection.HTTPConnection object at 0x0000020193114270>: Failed to establish a new connection: [WinError 10061] No connection could be made because the target machine actively refused it')': /session/d329c380ccb2619fc965802ac2f68380/url
2025-04-29 19:26:26,194 -urllib3.connectionpool - WARNING - Retrying (Retry(total=1, connect=None, read=None, redirect=None, status=None)) after connection broken by 'NewConnectionError('<urllib3.connection.HTTPConnection object at 0x0000020193114270>: Failed to establish a new connection: [WinError 10061] No connection could be made because the target machine actively refused it')': /session/d329c380ccb2619fc965802ac2f68380/url
2025-04-29 19:26:26,194 -urllib3.connectionpool - WARNING - Retrying (Retry(total=1, connect=None, read=None, redirect=None, status=None)) after connection broken by 'NewConnectionError('<urllib3.connection.HTTPConnection object at 0x0000020193114270>: Failed to establish a new connection: [WinError 10061] No connection could be made because the target machine actively refused it')': /session/d329c380ccb2619fc965802ac2f68380/url
2025-04-29 19:26:30,251 -urllib3.connectionpool - WARNING - Retrying (Retry(total=0, connect=None, read=None, redirect=None, status=None)) after connection broken by 'NewConnectionError('<urllib3.connection.HTTPConnection object at 0x0000020193114490>: Failed to establish a new connection: [WinError 10061] No connection could be made because the target machine actively refused it')': /session/d329c380ccb2619fc965802ac2f68380/url
2025-04-29 19:26:30,251 -urllib3.connectionpool - WARNING - Retrying (Retry(total=0, connect=None, read=None, redirect=None, status=None)) after connection broken by 'NewConnectionError('<urllib3.connection.HTTPConnection object at 0x0000020193114490>: Failed to establish a new connection: [WinError 10061] No connection could be made because the target machine actively refused it')': /session/d329c380ccb2619fc965802ac2f68380/url
2025-04-29 19:26:30,251 -urllib3.connectionpool - WARNING - Retrying (Retry(total=0, connect=None, read=None, redirect=None, status=None)) after connection broken by 'NewConnectionError('<urllib3.connection.HTTPConnection object at 0x0000020193114490>: Failed to establish a new connection: [WinError 10061] No connection could be made because the target machine actively refused it')': /session/d329c380ccb2619fc965802ac2f68380/url
2025-04-29 19:26:30,251 -urllib3.connectionpool - WARNING - Retrying (Retry(total=0, connect=None, read=None, redirect=None, status=None)) after connection broken by 'NewConnectionError('<urllib3.connection.HTTPConnection object at 0x0000020193114490>: Failed to establish a new connection: [WinError 10061] No connection could be made because the target machine actively refused it')': /session/d329c380ccb2619fc965802ac2f68380/url
2025-04-29 19:26:30,251 -urllib3.connectionpool - WARNING - Retrying (Retry(total=0, connect=None, read=None, redirect=None, status=None)) after connection broken by 'NewConnectionError('<urllib3.connection.HTTPConnection object at 0x0000020193114490>: Failed to establish a new connection: [WinError 10061] No connection could be made because the target machine actively refused it')': /session/d329c380ccb2619fc965802ac2f68380/url
2025-04-29 19:26:34,418 -root - INFO - ******************** Checking login test **********************
2025-04-29 19:26:34,418 -root - INFO - ******************** Checking login test **********************
2025-04-29 19:26:34,418 -root - INFO - ******************** Checking login test **********************
2025-04-29 19:26:34,418 -root - INFO - ******************** Checking login test **********************
2025-04-29 19:26:34,418 -root - INFO - ******************** Checking login test **********************
2025-04-29 19:26:38,475 -urllib3.connectionpool - WARNING - Retrying (Retry(total=2, connect=None, read=None, redirect=None, status=None)) after connection broken by 'NewConnectionError('<urllib3.connection.HTTPConnection object at 0x0000020192C33240>: Failed to establish a new connection: [WinError 10061] No connection could be made because the target machine actively refused it')': /session/d329c380ccb2619fc965802ac2f68380/url
2025-04-29 19:26:38,475 -urllib3.connectionpool - WARNING - Retrying (Retry(total=2, connect=None, read=None, redirect=None, status=None)) after connection broken by 'NewConnectionError('<urllib3.connection.HTTPConnection object at 0x0000020192C33240>: Failed to establish a new connection: [WinError 10061] No connection could be made because the target machine actively refused it')': /session/d329c380ccb2619fc965802ac2f68380/url
2025-04-29 19:26:38,475 -urllib3.connectionpool - WARNING - Retrying (Retry(total=2, connect=None, read=None, redirect=None, status=None)) after connection broken by 'NewConnectionError('<urllib3.connection.HTTPConnection object at 0x0000020192C33240>: Failed to establish a new connection: [WinError 10061] No connection could be made because the target machine actively refused it')': /session/d329c380ccb2619fc965802ac2f68380/url
2025-04-29 19:26:38,475 -urllib3.connectionpool - WARNING - Retrying (Retry(total=2, connect=None, read=None, redirect=None, status=None)) after connection broken by 'NewConnectionError('<urllib3.connection.HTTPConnection object at 0x0000020192C33240>: Failed to establish a new connection: [WinError 10061] No connection could be made because the target machine actively refused it')': /session/d329c380ccb2619fc965802ac2f68380/url
2025-04-29 19:26:38,475 -urllib3.connectionpool - WARNING - Retrying (Retry(total=2, connect=None, read=None, redirect=None, status=None)) after connection broken by 'NewConnectionError('<urllib3.connection.HTTPConnection object at 0x0000020192C33240>: Failed to establish a new connection: [WinError 10061] No connection could be made because the target machine actively refused it')': /session/d329c380ccb2619fc965802ac2f68380/url
2025-04-29 19:26:42,545 -urllib3.connectionpool - WARNING - Retrying (Retry(total=1, connect=None, read=None, redirect=None, status=None)) after connection broken by 'NewConnectionError('<urllib3.connection.HTTPConnection object at 0x0000020192C32F10>: Failed to establish a new connection: [WinError 10061] No connection could be made because the target machine actively refused it')': /session/d329c380ccb2619fc965802ac2f68380/url
2025-04-29 19:26:42,545 -urllib3.connectionpool - WARNING - Retrying (Retry(total=1, connect=None, read=None, redirect=None, status=None)) after connection broken by 'NewConnectionError('<urllib3.connection.HTTPConnection object at 0x0000020192C32F10>: Failed to establish a new connection: [WinError 10061] No connection could be made because the target machine actively refused it')': /session/d329c380ccb2619fc965802ac2f68380/url
2025-04-29 19:26:42,545 -urllib3.connectionpool - WARNING - Retrying (Retry(total=1, connect=None, read=None, redirect=None, status=None)) after connection broken by 'NewConnectionError('<urllib3.connection.HTTPConnection object at 0x0000020192C32F10>: Failed to establish a new connection: [WinError 10061] No connection could be made because the target machine actively refused it')': /session/d329c380ccb2619fc965802ac2f68380/url
2025-04-29 19:26:42,545 -urllib3.connectionpool - WARNING - Retrying (Retry(total=1, connect=None, read=None, redirect=None, status=None)) after connection broken by 'NewConnectionError('<urllib3.connection.HTTPConnection object at 0x0000020192C32F10>: Failed to establish a new connection: [WinError 10061] No connection could be made because the target machine actively refused it')': /session/d329c380ccb2619fc965802ac2f68380/url
2025-04-29 19:26:42,545 -urllib3.connectionpool - WARNING - Retrying (Retry(total=1, connect=None, read=None, redirect=None, status=None)) after connection broken by 'NewConnectionError('<urllib3.connection.HTTPConnection object at 0x0000020192C32F10>: Failed to establish a new connection: [WinError 10061] No connection could be made because the target machine actively refused it')': /session/d329c380ccb2619fc965802ac2f68380/url
2025-04-29 19:26:46,620 -urllib3.connectionpool - WARNING - Retrying (Retry(total=0, connect=None, read=None, redirect=None, status=None)) after connection broken by 'NewConnectionError('<urllib3.connection.HTTPConnection object at 0x0000020192C33CE0>: Failed to establish a new connection: [WinError 10061] No connection could be made because the target machine actively refused it')': /session/d329c380ccb2619fc965802ac2f68380/url
2025-04-29 19:26:46,620 -urllib3.connectionpool - WARNING - Retrying (Retry(total=0, connect=None, read=None, redirect=None, status=None)) after connection broken by 'NewConnectionError('<urllib3.connection.HTTPConnection object at 0x0000020192C33CE0>: Failed to establish a new connection: [WinError 10061] No connection could be made because the target machine actively refused it')': /session/d329c380ccb2619fc965802ac2f68380/url
2025-04-29 19:26:46,620 -urllib3.connectionpool - WARNING - Retrying (Retry(total=0, connect=None, read=None, redirect=None, status=None)) after connection broken by 'NewConnectionError('<urllib3.connection.HTTPConnection object at 0x0000020192C33CE0>: Failed to establish a new connection: [WinError 10061] No connection could be made because the target machine actively refused it')': /session/d329c380ccb2619fc965802ac2f68380/url
2025-04-29 19:26:46,620 -urllib3.connectionpool - WARNING - Retrying (Retry(total=0, connect=None, read=None, redirect=None, status=None)) after connection broken by 'NewConnectionError('<urllib3.connection.HTTPConnection object at 0x0000020192C33CE0>: Failed to establish a new connection: [WinError 10061] No connection could be made because the target machine actively refused it')': /session/d329c380ccb2619fc965802ac2f68380/url
2025-04-29 19:26:46,620 -urllib3.connectionpool - WARNING - Retrying (Retry(total=0, connect=None, read=None, redirect=None, status=None)) after connection broken by 'NewConnectionError('<urllib3.connection.HTTPConnection object at 0x0000020192C33CE0>: Failed to establish a new connection: [WinError 10061] No connection could be made because the target machine actively refused it')': /session/d329c380ccb2619fc965802ac2f68380/url
2025-04-29 19:26:50,827 -root - INFO - ******************** Checking login test **********************
2025-04-29 19:26:50,827 -root - INFO - ******************** Checking login test **********************
2025-04-29 19:26:50,827 -root - INFO - ******************** Checking login test **********************
2025-04-29 19:26:50,827 -root - INFO - ******************** Checking login test **********************
2025-04-29 19:26:50,827 -root - INFO - ******************** Checking login test **********************
2025-04-29 19:26:54,922 -urllib3.connectionpool - WARNING - Retrying (Retry(total=2, connect=None, read=None, redirect=None, status=None)) after connection broken by 'NewConnectionError('<urllib3.connection.HTTPConnection object at 0x0000020193116F10>: Failed to establish a new connection: [WinError 10061] No connection could be made because the target machine actively refused it')': /session/d329c380ccb2619fc965802ac2f68380/url
2025-04-29 19:26:54,922 -urllib3.connectionpool - WARNING - Retrying (Retry(total=2, connect=None, read=None, redirect=None, status=None)) after connection broken by 'NewConnectionError('<urllib3.connection.HTTPConnection object at 0x0000020193116F10>: Failed to establish a new connection: [WinError 10061] No connection could be made because the target machine actively refused it')': /session/d329c380ccb2619fc965802ac2f68380/url
2025-04-29 19:26:54,922 -urllib3.connectionpool - WARNING - Retrying (Retry(total=2, connect=None, read=None, redirect=None, status=None)) after connection broken by 'NewConnectionError('<urllib3.connection.HTTPConnection object at 0x0000020193116F10>: Failed to establish a new connection: [WinError 10061] No connection could be made because the target machine actively refused it')': /session/d329c380ccb2619fc965802ac2f68380/url
2025-04-29 19:26:54,922 -urllib3.connectionpool - WARNING - Retrying (Retry(total=2, connect=None, read=None, redirect=None, status=None)) after connection broken by 'NewConnectionError('<urllib3.connection.HTTPConnection object at 0x0000020193116F10>: Failed to establish a new connection: [WinError 10061] No connection could be made because the target machine actively refused it')': /session/d329c380ccb2619fc965802ac2f68380/url
2025-04-29 19:26:54,922 -urllib3.connectionpool - WARNING - Retrying (Retry(total=2, connect=None, read=None, redirect=None, status=None)) after connection broken by 'NewConnectionError('<urllib3.connection.HTTPConnection object at 0x0000020193116F10>: Failed to establish a new connection: [WinError 10061] No connection could be made because the target machine actively refused it')': /session/d329c380ccb2619fc965802ac2f68380/url
2025-04-29 19:26:58,987 -urllib3.connectionpool - WARNING - Retrying (Retry(total=1, connect=None, read=None, redirect=None, status=None)) after connection broken by 'NewConnectionError('<urllib3.connection.HTTPConnection object at 0x0000020193117130>: Failed to establish a new connection: [WinError 10061] No connection could be made because the target machine actively refused it')': /session/d329c380ccb2619fc965802ac2f68380/url
2025-04-29 19:26:58,987 -urllib3.connectionpool - WARNING - Retrying (Retry(total=1, connect=None, read=None, redirect=None, status=None)) after connection broken by 'NewConnectionError('<urllib3.connection.HTTPConnection object at 0x0000020193117130>: Failed to establish a new connection: [WinError 10061] No connection could be made because the target machine actively refused it')': /session/d329c380ccb2619fc965802ac2f68380/url
2025-04-29 19:26:58,987 -urllib3.connectionpool - WARNING - Retrying (Retry(total=1, connect=None, read=None, redirect=None, status=None)) after connection broken by 'NewConnectionError('<urllib3.connection.HTTPConnection object at 0x0000020193117130>: Failed to establish a new connection: [WinError 10061] No connection could be made because the target machine actively refused it')': /session/d329c380ccb2619fc965802ac2f68380/url
2025-04-29 19:26:58,987 -urllib3.connectionpool - WARNING - Retrying (Retry(total=1, connect=None, read=None, redirect=None, status=None)) after connection broken by 'NewConnectionError('<urllib3.connection.HTTPConnection object at 0x0000020193117130>: Failed to establish a new connection: [WinError 10061] No connection could be made because the target machine actively refused it')': /session/d329c380ccb2619fc965802ac2f68380/url
2025-04-29 19:26:58,987 -urllib3.connectionpool - WARNING - Retrying (Retry(total=1, connect=None, read=None, redirect=None, status=None)) after connection broken by 'NewConnectionError('<urllib3.connection.HTTPConnection object at 0x0000020193117130>: Failed to establish a new connection: [WinError 10061] No connection could be made because the target machine actively refused it')': /session/d329c380ccb2619fc965802ac2f68380/url
2025-04-29 19:27:03,038 -urllib3.connectionpool - WARNING - Retrying (Retry(total=0, connect=None, read=None, redirect=None, status=None)) after connection broken by 'NewConnectionError('<urllib3.connection.HTTPConnection object at 0x0000020193117460>: Failed to establish a new connection: [WinError 10061] No connection could be made because the target machine actively refused it')': /session/d329c380ccb2619fc965802ac2f68380/url
2025-04-29 19:27:03,038 -urllib3.connectionpool - WARNING - Retrying (Retry(total=0, connect=None, read=None, redirect=None, status=None)) after connection broken by 'NewConnectionError('<urllib3.connection.HTTPConnection object at 0x0000020193117460>: Failed to establish a new connection: [WinError 10061] No connection could be made because the target machine actively refused it')': /session/d329c380ccb2619fc965802ac2f68380/url
2025-04-29 19:27:03,038 -urllib3.connectionpool - WARNING - Retrying (Retry(total=0, connect=None, read=None, redirect=None, status=None)) after connection broken by 'NewConnectionError('<urllib3.connection.HTTPConnection object at 0x0000020193117460>: Failed to establish a new connection: [WinError 10061] No connection could be made because the target machine actively refused it')': /session/d329c380ccb2619fc965802ac2f68380/url
2025-04-29 19:27:03,038 -urllib3.connectionpool - WARNING - Retrying (Retry(total=0, connect=None, read=None, redirect=None, status=None)) after connection broken by 'NewConnectionError('<urllib3.connection.HTTPConnection object at 0x0000020193117460>: Failed to establish a new connection: [WinError 10061] No connection could be made because the target machine actively refused it')': /session/d329c380ccb2619fc965802ac2f68380/url
2025-04-29 19:27:03,038 -urllib3.connectionpool - WARNING - Retrying (Retry(total=0, connect=None, read=None, redirect=None, status=None)) after connection broken by 'NewConnectionError('<urllib3.connection.HTTPConnection object at 0x0000020193117460>: Failed to establish a new connection: [WinError 10061] No connection could be made because the target machine actively refused it')': /session/d329c380ccb2619fc965802ac2f68380/url
2025-04-29 19:27:07,262 -root - INFO - ******************** Checking login test **********************
2025-04-29 19:27:07,262 -root - INFO - ******************** Checking login test **********************
2025-04-29 19:27:07,262 -root - INFO - ******************** Checking login test **********************
2025-04-29 19:27:07,262 -root - INFO - ******************** Checking login test **********************
2025-04-29 19:27:07,262 -root - INFO - ******************** Checking login test **********************
2025-04-29 19:27:11,327 -urllib3.connectionpool - WARNING - Retrying (Retry(total=2, connect=None, read=None, redirect=None, status=None)) after connection broken by 'NewConnectionError('<urllib3.connection.HTTPConnection object at 0x0000020193117680>: Failed to establish a new connection: [WinError 10061] No connection could be made because the target machine actively refused it')': /session/d329c380ccb2619fc965802ac2f68380/url
2025-04-29 19:27:11,327 -urllib3.connectionpool - WARNING - Retrying (Retry(total=2, connect=None, read=None, redirect=None, status=None)) after connection broken by 'NewConnectionError('<urllib3.connection.HTTPConnection object at 0x0000020193117680>: Failed to establish a new connection: [WinError 10061] No connection could be made because the target machine actively refused it')': /session/d329c380ccb2619fc965802ac2f68380/url
2025-04-29 19:27:11,327 -urllib3.connectionpool - WARNING - Retrying (Retry(total=2, connect=None, read=None, redirect=None, status=None)) after connection broken by 'NewConnectionError('<urllib3.connection.HTTPConnection object at 0x0000020193117680>: Failed to establish a new connection: [WinError 10061] No connection could be made because the target machine actively refused it')': /session/d329c380ccb2619fc965802ac2f68380/url
2025-04-29 19:27:11,327 -urllib3.connectionpool - WARNING - Retrying (Retry(total=2, connect=None, read=None, redirect=None, status=None)) after connection broken by 'NewConnectionError('<urllib3.connection.HTTPConnection object at 0x0000020193117680>: Failed to establish a new connection: [WinError 10061] No connection could be made because the target machine actively refused it')': /session/d329c380ccb2619fc965802ac2f68380/url
2025-04-29 19:27:11,327 -urllib3.connectionpool - WARNING - Retrying (Retry(total=2, connect=None, read=None, redirect=None, status=None)) after connection broken by 'NewConnectionError('<urllib3.connection.HTTPConnection object at 0x0000020193117680>: Failed to establish a new connection: [WinError 10061] No connection could be made because the target machine actively refused it')': /session/d329c380ccb2619fc965802ac2f68380/url
2025-04-29 19:27:15,398 -urllib3.connectionpool - WARNING - Retrying (Retry(total=1, connect=None, read=None, redirect=None, status=None)) after connection broken by 'NewConnectionError('<urllib3.connection.HTTPConnection object at 0x00000201930D8270>: Failed to establish a new connection: [WinError 10061] No connection could be made because the target machine actively refused it')': /session/d329c380ccb2619fc965802ac2f68380/url
2025-04-29 19:27:15,398 -urllib3.connectionpool - WARNING - Retrying (Retry(total=1, connect=None, read=None, redirect=None, status=None)) after connection broken by 'NewConnectionError('<urllib3.connection.HTTPConnection object at 0x00000201930D8270>: Failed to establish a new connection: [WinError 10061] No connection could be made because the target machine actively refused it')': /session/d329c380ccb2619fc965802ac2f68380/url
2025-04-29 19:27:15,398 -urllib3.connectionpool - WARNING - Retrying (Retry(total=1, connect=None, read=None, redirect=None, status=None)) after connection broken by 'NewConnectionError('<urllib3.connection.HTTPConnection object at 0x00000201930D8270>: Failed to establish a new connection: [WinError 10061] No connection could be made because the target machine actively refused it')': /session/d329c380ccb2619fc965802ac2f68380/url
2025-04-29 19:27:15,398 -urllib3.connectionpool - WARNING - Retrying (Retry(total=1, connect=None, read=None, redirect=None, status=None)) after connection broken by 'NewConnectionError('<urllib3.connection.HTTPConnection object at 0x00000201930D8270>: Failed to establish a new connection: [WinError 10061] No connection could be made because the target machine actively refused it')': /session/d329c380ccb2619fc965802ac2f68380/url
2025-04-29 19:27:15,398 -urllib3.connectionpool - WARNING - Retrying (Retry(total=1, connect=None, read=None, redirect=None, status=None)) after connection broken by 'NewConnectionError('<urllib3.connection.HTTPConnection object at 0x00000201930D8270>: Failed to establish a new connection: [WinError 10061] No connection could be made because the target machine actively refused it')': /session/d329c380ccb2619fc965802ac2f68380/url
2025-04-29 19:27:19,458 -urllib3.connectionpool - WARNING - Retrying (Retry(total=0, connect=None, read=None, redirect=None, status=None)) after connection broken by 'NewConnectionError('<urllib3.connection.HTTPConnection object at 0x00000201930D85A0>: Failed to establish a new connection: [WinError 10061] No connection could be made because the target machine actively refused it')': /session/d329c380ccb2619fc965802ac2f68380/url
2025-04-29 19:27:19,458 -urllib3.connectionpool - WARNING - Retrying (Retry(total=0, connect=None, read=None, redirect=None, status=None)) after connection broken by 'NewConnectionError('<urllib3.connection.HTTPConnection object at 0x00000201930D85A0>: Failed to establish a new connection: [WinError 10061] No connection could be made because the target machine actively refused it')': /session/d329c380ccb2619fc965802ac2f68380/url
2025-04-29 19:27:19,458 -urllib3.connectionpool - WARNING - Retrying (Retry(total=0, connect=None, read=None, redirect=None, status=None)) after connection broken by 'NewConnectionError('<urllib3.connection.HTTPConnection object at 0x00000201930D85A0>: Failed to establish a new connection: [WinError 10061] No connection could be made because the target machine actively refused it')': /session/d329c380ccb2619fc965802ac2f68380/url
2025-04-29 19:27:19,458 -urllib3.connectionpool - WARNING - Retrying (Retry(total=0, connect=None, read=None, redirect=None, status=None)) after connection broken by 'NewConnectionError('<urllib3.connection.HTTPConnection object at 0x00000201930D85A0>: Failed to establish a new connection: [WinError 10061] No connection could be made because the target machine actively refused it')': /session/d329c380ccb2619fc965802ac2f68380/url
2025-04-29 19:27:19,458 -urllib3.connectionpool - WARNING - Retrying (Retry(total=0, connect=None, read=None, redirect=None, status=None)) after connection broken by 'NewConnectionError('<urllib3.connection.HTTPConnection object at 0x00000201930D85A0>: Failed to establish a new connection: [WinError 10061] No connection could be made because the target machine actively refused it')': /session/d329c380ccb2619fc965802ac2f68380/url
2025-04-29 19:27:19,810 -root - INFO - ******************** Test_001_Inventory *****************
2025-04-29 19:27:19,810 -root - INFO - ******************** Test_001_Inventory *****************
2025-04-29 19:27:19,810 -root - INFO - ******************** Test_001_Inventory *****************
2025-04-29 19:27:19,810 -root - INFO - ******************** Test_001_Inventory *****************
2025-04-29 19:27:19,810 -root - INFO - ******************** Test_001_Inventory *****************
2025-04-29 19:27:19,811 -root - INFO - ******************** Verifying inventory Home Page Title *****************
2025-04-29 19:27:19,811 -root - INFO - ******************** Verifying inventory Home Page Title *****************
2025-04-29 19:27:19,811 -root - INFO - ******************** Verifying inventory Home Page Title *****************
2025-04-29 19:27:19,811 -root - INFO - ******************** Verifying inventory Home Page Title *****************
2025-04-29 19:27:19,811 -root - INFO - ******************** Verifying inventory Home Page Title *****************
2025-04-29 19:27:23,903 -root - INFO - ******************** Checking login test **********************
2025-04-29 19:27:23,903 -root - INFO - ******************** Checking login test **********************
2025-04-29 19:27:23,903 -root - INFO - ******************** Checking login test **********************
2025-04-29 19:27:23,903 -root - INFO - ******************** Checking login test **********************
2025-04-29 19:27:23,903 -root - INFO - ******************** Checking login test **********************
2025-04-29 19:27:27,960 -urllib3.connectionpool - WARNING - Retrying (Retry(total=2, connect=None, read=None, redirect=None, status=None)) after connection broken by 'NewConnectionError('<urllib3.connection.HTTPConnection object at 0x0000020193117AC0>: Failed to establish a new connection: [WinError 10061] No connection could be made because the target machine actively refused it')': /session/d329c380ccb2619fc965802ac2f68380/url
2025-04-29 19:27:27,960 -urllib3.connectionpool - WARNING - Retrying (Retry(total=2, connect=None, read=None, redirect=None, status=None)) after connection broken by 'NewConnectionError('<urllib3.connection.HTTPConnection object at 0x0000020193117AC0>: Failed to establish a new connection: [WinError 10061] No connection could be made because the target machine actively refused it')': /session/d329c380ccb2619fc965802ac2f68380/url
2025-04-29 19:27:27,960 -urllib3.connectionpool - WARNING - Retrying (Retry(total=2, connect=None, read=None, redirect=None, status=None)) after connection broken by 'NewConnectionError('<urllib3.connection.HTTPConnection object at 0x0000020193117AC0>: Failed to establish a new connection: [WinError 10061] No connection could be made because the target machine actively refused it')': /session/d329c380ccb2619fc965802ac2f68380/url
2025-04-29 19:27:27,960 -urllib3.connectionpool - WARNING - Retrying (Retry(total=2, connect=None, read=None, redirect=None, status=None)) after connection broken by 'NewConnectionError('<urllib3.connection.HTTPConnection object at 0x0000020193117AC0>: Failed to establish a new connection: [WinError 10061] No connection could be made because the target machine actively refused it')': /session/d329c380ccb2619fc965802ac2f68380/url
2025-04-29 19:27:27,960 -urllib3.connectionpool - WARNING - Retrying (Retry(total=2, connect=None, read=None, redirect=None, status=None)) after connection broken by 'NewConnectionError('<urllib3.connection.HTTPConnection object at 0x0000020193117AC0>: Failed to establish a new connection: [WinError 10061] No connection could be made because the target machine actively refused it')': /session/d329c380ccb2619fc965802ac2f68380/url
2025-04-29 19:27:32,020 -urllib3.connectionpool - WARNING - Retrying (Retry(total=1, connect=None, read=None, redirect=None, status=None)) after connection broken by 'NewConnectionError('<urllib3.connection.HTTPConnection object at 0x0000020193117460>: Failed to establish a new connection: [WinError 10061] No connection could be made because the target machine actively refused it')': /session/d329c380ccb2619fc965802ac2f68380/url
2025-04-29 19:27:32,020 -urllib3.connectionpool - WARNING - Retrying (Retry(total=1, connect=None, read=None, redirect=None, status=None)) after connection broken by 'NewConnectionError('<urllib3.connection.HTTPConnection object at 0x0000020193117460>: Failed to establish a new connection: [WinError 10061] No connection could be made because the target machine actively refused it')': /session/d329c380ccb2619fc965802ac2f68380/url
2025-04-29 19:27:32,020 -urllib3.connectionpool - WARNING - Retrying (Retry(total=1, connect=None, read=None, redirect=None, status=None)) after connection broken by 'NewConnectionError('<urllib3.connection.HTTPConnection object at 0x0000020193117460>: Failed to establish a new connection: [WinError 10061] No connection could be made because the target machine actively refused it')': /session/d329c380ccb2619fc965802ac2f68380/url
2025-04-29 19:27:32,020 -urllib3.connectionpool - WARNING - Retrying (Retry(total=1, connect=None, read=None, redirect=None, status=None)) after connection broken by 'NewConnectionError('<urllib3.connection.HTTPConnection object at 0x0000020193117460>: Failed to establish a new connection: [WinError 10061] No connection could be made because the target machine actively refused it')': /session/d329c380ccb2619fc965802ac2f68380/url
2025-04-29 19:27:32,020 -urllib3.connectionpool - WARNING - Retrying (Retry(total=1, connect=None, read=None, redirect=None, status=None)) after connection broken by 'NewConnectionError('<urllib3.connection.HTTPConnection object at 0x0000020193117460>: Failed to establish a new connection: [WinError 10061] No connection could be made because the target machine actively refused it')': /session/d329c380ccb2619fc965802ac2f68380/url
2025-04-29 19:27:36,104 -urllib3.connectionpool - WARNING - Retrying (Retry(total=0, connect=None, read=None, redirect=None, status=None)) after connection broken by 'NewConnectionError('<urllib3.connection.HTTPConnection object at 0x00000201931147C0>: Failed to establish a new connection: [WinError 10061] No connection could be made because the target machine actively refused it')': /session/d329c380ccb2619fc965802ac2f68380/url
2025-04-29 19:27:36,104 -urllib3.connectionpool - WARNING - Retrying (Retry(total=0, connect=None, read=None, redirect=None, status=None)) after connection broken by 'NewConnectionError('<urllib3.connection.HTTPConnection object at 0x00000201931147C0>: Failed to establish a new connection: [WinError 10061] No connection could be made because the target machine actively refused it')': /session/d329c380ccb2619fc965802ac2f68380/url
2025-04-29 19:27:36,104 -urllib3.connectionpool - WARNING - Retrying (Retry(total=0, connect=None, read=None, redirect=None, status=None)) after connection broken by 'NewConnectionError('<urllib3.connection.HTTPConnection object at 0x00000201931147C0>: Failed to establish a new connection: [WinError 10061] No connection could be made because the target machine actively refused it')': /session/d329c380ccb2619fc965802ac2f68380/url
2025-04-29 19:27:36,104 -urllib3.connectionpool - WARNING - Retrying (Retry(total=0, connect=None, read=None, redirect=None, status=None)) after connection broken by 'NewConnectionError('<urllib3.connection.HTTPConnection object at 0x00000201931147C0>: Failed to establish a new connection: [WinError 10061] No connection could be made because the target machine actively refused it')': /session/d329c380ccb2619fc965802ac2f68380/url
2025-04-29 19:27:36,104 -urllib3.connectionpool - WARNING - Retrying (Retry(total=0, connect=None, read=None, redirect=None, status=None)) after connection broken by 'NewConnectionError('<urllib3.connection.HTTPConnection object at 0x00000201931147C0>: Failed to establish a new connection: [WinError 10061] No connection could be made because the target machine actively refused it')': /session/d329c380ccb2619fc965802ac2f68380/url
2025-04-29 19:27:40,530 -root - INFO - ******************** Checking login test **********************
2025-04-29 19:27:40,530 -root - INFO - ******************** Checking login test **********************
2025-04-29 19:27:40,530 -root - INFO - ******************** Checking login test **********************
2025-04-29 19:27:40,530 -root - INFO - ******************** Checking login test **********************
2025-04-29 19:27:40,530 -root - INFO - ******************** Checking login test **********************
2025-04-29 19:27:44,617 -urllib3.connectionpool - WARNING - Retrying (Retry(total=2, connect=None, read=None, redirect=None, status=None)) after connection broken by 'NewConnectionError('<urllib3.connection.HTTPConnection object at 0x00000201931178A0>: Failed to establish a new connection: [WinError 10061] No connection could be made because the target machine actively refused it')': /session/d329c380ccb2619fc965802ac2f68380/url
2025-04-29 19:27:44,617 -urllib3.connectionpool - WARNING - Retrying (Retry(total=2, connect=None, read=None, redirect=None, status=None)) after connection broken by 'NewConnectionError('<urllib3.connection.HTTPConnection object at 0x00000201931178A0>: Failed to establish a new connection: [WinError 10061] No connection could be made because the target machine actively refused it')': /session/d329c380ccb2619fc965802ac2f68380/url
2025-04-29 19:27:44,617 -urllib3.connectionpool - WARNING - Retrying (Retry(total=2, connect=None, read=None, redirect=None, status=None)) after connection broken by 'NewConnectionError('<urllib3.connection.HTTPConnection object at 0x00000201931178A0>: Failed to establish a new connection: [WinError 10061] No connection could be made because the target machine actively refused it')': /session/d329c380ccb2619fc965802ac2f68380/url
2025-04-29 19:27:44,617 -urllib3.connectionpool - WARNING - Retrying (Retry(total=2, connect=None, read=None, redirect=None, status=None)) after connection broken by 'NewConnectionError('<urllib3.connection.HTTPConnection object at 0x00000201931178A0>: Failed to establish a new connection: [WinError 10061] No connection could be made because the target machine actively refused it')': /session/d329c380ccb2619fc965802ac2f68380/url
2025-04-29 19:27:44,617 -urllib3.connectionpool - WARNING - Retrying (Retry(total=2, connect=None, read=None, redirect=None, status=None)) after connection broken by 'NewConnectionError('<urllib3.connection.HTTPConnection object at 0x00000201931178A0>: Failed to establish a new connection: [WinError 10061] No connection could be made because the target machine actively refused it')': /session/d329c380ccb2619fc965802ac2f68380/url
2025-04-29 19:27:48,663 -urllib3.connectionpool - WARNING - Retrying (Retry(total=1, connect=None, read=None, redirect=None, status=None)) after connection broken by 'NewConnectionError('<urllib3.connection.HTTPConnection object at 0x00000201930D9370>: Failed to establish a new connection: [WinError 10061] No connection could be made because the target machine actively refused it')': /session/d329c380ccb2619fc965802ac2f68380/url
2025-04-29 19:27:48,663 -urllib3.connectionpool - WARNING - Retrying (Retry(total=1, connect=None, read=None, redirect=None, status=None)) after connection broken by 'NewConnectionError('<urllib3.connection.HTTPConnection object at 0x00000201930D9370>: Failed to establish a new connection: [WinError 10061] No connection could be made because the target machine actively refused it')': /session/d329c380ccb2619fc965802ac2f68380/url
2025-04-29 19:27:48,663 -urllib3.connectionpool - WARNING - Retrying (Retry(total=1, connect=None, read=None, redirect=None, status=None)) after connection broken by 'NewConnectionError('<urllib3.connection.HTTPConnection object at 0x00000201930D9370>: Failed to establish a new connection: [WinError 10061] No connection could be made because the target machine actively refused it')': /session/d329c380ccb2619fc965802ac2f68380/url
2025-04-29 19:27:48,663 -urllib3.connectionpool - WARNING - Retrying (Retry(total=1, connect=None, read=None, redirect=None, status=None)) after connection broken by 'NewConnectionError('<urllib3.connection.HTTPConnection object at 0x00000201930D9370>: Failed to establish a new connection: [WinError 10061] No connection could be made because the target machine actively refused it')': /session/d329c380ccb2619fc965802ac2f68380/url
2025-04-29 19:27:48,663 -urllib3.connectionpool - WARNING - Retrying (Retry(total=1, connect=None, read=None, redirect=None, status=None)) after connection broken by 'NewConnectionError('<urllib3.connection.HTTPConnection object at 0x00000201930D9370>: Failed to establish a new connection: [WinError 10061] No connection could be made because the target machine actively refused it')': /session/d329c380ccb2619fc965802ac2f68380/url
2025-04-29 19:27:52,704 -urllib3.connectionpool - WARNING - Retrying (Retry(total=0, connect=None, read=None, redirect=None, status=None)) after connection broken by 'NewConnectionError('<urllib3.connection.HTTPConnection object at 0x00000201930D96A0>: Failed to establish a new connection: [WinError 10061] No connection could be made because the target machine actively refused it')': /session/d329c380ccb2619fc965802ac2f68380/url
2025-04-29 19:27:52,704 -urllib3.connectionpool - WARNING - Retrying (Retry(total=0, connect=None, read=None, redirect=None, status=None)) after connection broken by 'NewConnectionError('<urllib3.connection.HTTPConnection object at 0x00000201930D96A0>: Failed to establish a new connection: [WinError 10061] No connection could be made because the target machine actively refused it')': /session/d329c380ccb2619fc965802ac2f68380/url
2025-04-29 19:27:52,704 -urllib3.connectionpool - WARNING - Retrying (Retry(total=0, connect=None, read=None, redirect=None, status=None)) after connection broken by 'NewConnectionError('<urllib3.connection.HTTPConnection object at 0x00000201930D96A0>: Failed to establish a new connection: [WinError 10061] No connection could be made because the target machine actively refused it')': /session/d329c380ccb2619fc965802ac2f68380/url
2025-04-29 19:27:52,704 -urllib3.connectionpool - WARNING - Retrying (Retry(total=0, connect=None, read=None, redirect=None, status=None)) after connection broken by 'NewConnectionError('<urllib3.connection.HTTPConnection object at 0x00000201930D96A0>: Failed to establish a new connection: [WinError 10061] No connection could be made because the target machine actively refused it')': /session/d329c380ccb2619fc965802ac2f68380/url
2025-04-29 19:27:52,704 -urllib3.connectionpool - WARNING - Retrying (Retry(total=0, connect=None, read=None, redirect=None, status=None)) after connection broken by 'NewConnectionError('<urllib3.connection.HTTPConnection object at 0x00000201930D96A0>: Failed to establish a new connection: [WinError 10061] No connection could be made because the target machine actively refused it')': /session/d329c380ccb2619fc965802ac2f68380/url
2025-04-29 19:27:56,822 -root - INFO - ******************** Inventory Home Page title test is passed *****************
2025-04-29 19:27:56,822 -root - INFO - ******************** Inventory Home Page title test is passed *****************
2025-04-29 19:27:56,822 -root - INFO - ******************** Inventory Home Page title test is passed *****************
2025-04-29 19:27:56,822 -root - INFO - ******************** Inventory Home Page title test is passed *****************
2025-04-29 19:27:56,822 -root - INFO - ******************** Inventory Home Page title test is passed *****************
2025-04-29 19:27:56,826 -root - INFO - ******************** Adding products to cart *****************
2025-04-29 19:27:56,826 -root - INFO - ******************** Adding products to cart *****************
2025-04-29 19:27:56,826 -root - INFO - ******************** Adding products to cart *****************
2025-04-29 19:27:56,826 -root - INFO - ******************** Adding products to cart *****************
2025-04-29 19:27:56,826 -root - INFO - ******************** Adding products to cart *****************
2025-04-29 19:28:01,145 -root - INFO - ******************** Adding products to cart test is passed *****************
2025-04-29 19:28:01,145 -root - INFO - ******************** Adding products to cart test is passed *****************
2025-04-29 19:28:01,145 -root - INFO - ******************** Adding products to cart test is passed *****************
2025-04-29 19:28:01,145 -root - INFO - ******************** Adding products to cart test is passed *****************
2025-04-29 19:28:01,145 -root - INFO - ******************** Adding products to cart test is passed *****************
2025-04-29 19:28:01,191 -urllib3.connectionpool - WARNING - Retrying (Retry(total=2, connect=None, read=None, redirect=None, status=None)) after connection broken by 'NewConnectionError('<urllib3.connection.HTTPConnection object at 0x0000020193117240>: Failed to establish a new connection: [WinError 10061] No connection could be made because the target machine actively refused it')': /session/d329c380ccb2619fc965802ac2f68380
2025-04-29 19:28:01,191 -urllib3.connectionpool - WARNING - Retrying (Retry(total=2, connect=None, read=None, redirect=None, status=None)) after connection broken by 'NewConnectionError('<urllib3.connection.HTTPConnection object at 0x0000020193117240>: Failed to establish a new connection: [WinError 10061] No connection could be made because the target machine actively refused it')': /session/d329c380ccb2619fc965802ac2f68380
2025-04-29 19:28:01,191 -urllib3.connectionpool - WARNING - Retrying (Retry(total=2, connect=None, read=None, redirect=None, status=None)) after connection broken by 'NewConnectionError('<urllib3.connection.HTTPConnection object at 0x0000020193117240>: Failed to establish a new connection: [WinError 10061] No connection could be made because the target machine actively refused it')': /session/d329c380ccb2619fc965802ac2f68380
2025-04-29 19:28:01,191 -urllib3.connectionpool - WARNING - Retrying (Retry(total=2, connect=None, read=None, redirect=None, status=None)) after connection broken by 'NewConnectionError('<urllib3.connection.HTTPConnection object at 0x0000020193117240>: Failed to establish a new connection: [WinError 10061] No connection could be made because the target machine actively refused it')': /session/d329c380ccb2619fc965802ac2f68380
2025-04-29 19:28:01,191 -urllib3.connectionpool - WARNING - Retrying (Retry(total=2, connect=None, read=None, redirect=None, status=None)) after connection broken by 'NewConnectionError('<urllib3.connection.HTTPConnection object at 0x0000020193117240>: Failed to establish a new connection: [WinError 10061] No connection could be made because the target machine actively refused it')': /session/d329c380ccb2619fc965802ac2f68380
2025-04-29 19:28:05,239 -urllib3.connectionpool - WARNING - Retrying (Retry(total=1, connect=None, read=None, redirect=None, status=None)) after connection broken by 'NewConnectionError('<urllib3.connection.HTTPConnection object at 0x0000020193117AC0>: Failed to establish a new connection: [WinError 10061] No connection could be made because the target machine actively refused it')': /session/d329c380ccb2619fc965802ac2f68380
2025-04-29 19:28:05,239 -urllib3.connectionpool - WARNING - Retrying (Retry(total=1, connect=None, read=None, redirect=None, status=None)) after connection broken by 'NewConnectionError('<urllib3.connection.HTTPConnection object at 0x0000020193117AC0>: Failed to establish a new connection: [WinError 10061] No connection could be made because the target machine actively refused it')': /session/d329c380ccb2619fc965802ac2f68380
2025-04-29 19:28:05,239 -urllib3.connectionpool - WARNING - Retrying (Retry(total=1, connect=None, read=None, redirect=None, status=None)) after connection broken by 'NewConnectionError('<urllib3.connection.HTTPConnection object at 0x0000020193117AC0>: Failed to establish a new connection: [WinError 10061] No connection could be made because the target machine actively refused it')': /session/d329c380ccb2619fc965802ac2f68380
2025-04-29 19:28:05,239 -urllib3.connectionpool - WARNING - Retrying (Retry(total=1, connect=None, read=None, redirect=None, status=None)) after connection broken by 'NewConnectionError('<urllib3.connection.HTTPConnection object at 0x0000020193117AC0>: Failed to establish a new connection: [WinError 10061] No connection could be made because the target machine actively refused it')': /session/d329c380ccb2619fc965802ac2f68380
2025-04-29 19:28:05,239 -urllib3.connectionpool - WARNING - Retrying (Retry(total=1, connect=None, read=None, redirect=None, status=None)) after connection broken by 'NewConnectionError('<urllib3.connection.HTTPConnection object at 0x0000020193117AC0>: Failed to establish a new connection: [WinError 10061] No connection could be made because the target machine actively refused it')': /session/d329c380ccb2619fc965802ac2f68380
2025-04-29 19:28:06,949 -root - INFO - ******************** Test_001_cart *****************
2025-04-29 19:28:06,949 -root - INFO - ******************** Test_001_cart *****************
2025-04-29 19:28:06,949 -root - INFO - ******************** Test_001_cart *****************
2025-04-29 19:28:06,949 -root - INFO - ******************** Test_001_cart *****************
2025-04-29 19:28:06,949 -root - INFO - ******************** Test_001_cart *****************
2025-04-29 19:28:06,950 -root - INFO - ******************** Verifying cart products *****************
2025-04-29 19:28:06,950 -root - INFO - ******************** Verifying cart products *****************
2025-04-29 19:28:06,950 -root - INFO - ******************** Verifying cart products *****************
2025-04-29 19:28:06,950 -root - INFO - ******************** Verifying cart products *****************
2025-04-29 19:28:06,950 -root - INFO - ******************** Verifying cart products *****************
2025-04-29 19:28:09,349 -urllib3.connectionpool - WARNING - Retrying (Retry(total=0, connect=None, read=None, redirect=None, status=None)) after connection broken by 'NewConnectionError('<urllib3.connection.HTTPConnection object at 0x00000201931179B0>: Failed to establish a new connection: [WinError 10061] No connection could be made because the target machine actively refused it')': /session/d329c380ccb2619fc965802ac2f68380
2025-04-29 19:28:09,349 -urllib3.connectionpool - WARNING - Retrying (Retry(total=0, connect=None, read=None, redirect=None, status=None)) after connection broken by 'NewConnectionError('<urllib3.connection.HTTPConnection object at 0x00000201931179B0>: Failed to establish a new connection: [WinError 10061] No connection could be made because the target machine actively refused it')': /session/d329c380ccb2619fc965802ac2f68380
2025-04-29 19:28:09,349 -urllib3.connectionpool - WARNING - Retrying (Retry(total=0, connect=None, read=None, redirect=None, status=None)) after connection broken by 'NewConnectionError('<urllib3.connection.HTTPConnection object at 0x00000201931179B0>: Failed to establish a new connection: [WinError 10061] No connection could be made because the target machine actively refused it')': /session/d329c380ccb2619fc965802ac2f68380
2025-04-29 19:28:09,349 -urllib3.connectionpool - WARNING - Retrying (Retry(total=0, connect=None, read=None, redirect=None, status=None)) after connection broken by 'NewConnectionError('<urllib3.connection.HTTPConnection object at 0x00000201931179B0>: Failed to establish a new connection: [WinError 10061] No connection could be made because the target machine actively refused it')': /session/d329c380ccb2619fc965802ac2f68380
2025-04-29 19:28:09,349 -urllib3.connectionpool - WARNING - Retrying (Retry(total=0, connect=None, read=None, redirect=None, status=None)) after connection broken by 'NewConnectionError('<urllib3.connection.HTTPConnection object at 0x00000201931179B0>: Failed to establish a new connection: [WinError 10061] No connection could be made because the target machine actively refused it')': /session/d329c380ccb2619fc965802ac2f68380
2025-04-29 19:28:15,893 -root - INFO - ******************** Test_001_login *****************
2025-04-29 19:28:15,893 -root - INFO - ******************** Test_001_login *****************
2025-04-29 19:28:15,893 -root - INFO - ******************** Test_001_login *****************
2025-04-29 19:28:15,893 -root - INFO - ******************** Test_001_login *****************
2025-04-29 19:28:15,893 -root - INFO - ******************** Test_001_login *****************
2025-04-29 19:28:15,894 -root - INFO - ******************** Checking login test **********************
2025-04-29 19:28:15,894 -root - INFO - ******************** Checking login test **********************
2025-04-29 19:28:15,894 -root - INFO - ******************** Checking login test **********************
2025-04-29 19:28:15,894 -root - INFO - ******************** Checking login test **********************
2025-04-29 19:28:15,894 -root - INFO - ******************** Checking login test **********************
2025-04-29 19:28:59,102 -root - INFO - ******************** Cart products verification test is passed *****************
2025-04-29 19:28:59,102 -root - INFO - ******************** Cart products verification test is passed *****************
2025-04-29 19:28:59,102 -root - INFO - ******************** Cart products verification test is passed *****************
2025-04-29 19:28:59,102 -root - INFO - ******************** Cart products verification test is passed *****************
2025-04-29 19:28:59,102 -root - INFO - ******************** Cart products verification test is passed *****************
2025-04-29 19:28:59,648 -root - INFO - ******************** Verifying cart is empty by default *****************
2025-04-29 19:28:59,648 -root - INFO - ******************** Verifying cart is empty by default *****************
2025-04-29 19:28:59,648 -root - INFO - ******************** Verifying cart is empty by default *****************
2025-04-29 19:28:59,648 -root - INFO - ******************** Verifying cart is empty by default *****************
2025-04-29 19:28:59,648 -root - INFO - ******************** Verifying cart is empty by default *****************
2025-04-29 19:29:06,840 -root - INFO - ******************** verifying cart is empty test is passed *****************
2025-04-29 19:29:06,840 -root - INFO - ******************** verifying cart is empty test is passed *****************
2025-04-29 19:29:06,840 -root - INFO - ******************** verifying cart is empty test is passed *****************
2025-04-29 19:29:06,840 -root - INFO - ******************** verifying cart is empty test is passed *****************
2025-04-29 19:29:06,840 -root - INFO - ******************** verifying cart is empty test is passed *****************
2025-04-29 19:29:14,551 -root - INFO - ******************** Test_001_checkout *****************
2025-04-29 19:29:14,551 -root - INFO - ******************** Test_001_checkout *****************
2025-04-29 19:29:14,551 -root - INFO - ******************** Test_001_checkout *****************
2025-04-29 19:29:14,551 -root - INFO - ******************** Test_001_checkout *****************
2025-04-29 19:29:14,551 -root - INFO - ******************** Test_001_checkout *****************
2025-04-29 19:29:14,552 -root - INFO - ******************** Verifying checkout Page url *****************
2025-04-29 19:29:14,552 -root - INFO - ******************** Verifying checkout Page url *****************
2025-04-29 19:29:14,552 -root - INFO - ******************** Verifying checkout Page url *****************
2025-04-29 19:29:14,552 -root - INFO - ******************** Verifying checkout Page url *****************
2025-04-29 19:29:14,552 -root - INFO - ******************** Verifying checkout Page url *****************
2025-04-29 19:30:10,051 -root - INFO - ******************** Checkout page url test is passed *****************
2025-04-29 19:30:10,051 -root - INFO - ******************** Checkout page url test is passed *****************
2025-04-29 19:30:10,051 -root - INFO - ******************** Checkout page url test is passed *****************
2025-04-29 19:30:10,051 -root - INFO - ******************** Checkout page url test is passed *****************
2025-04-29 19:30:10,051 -root - INFO - ******************** Checkout page url test is passed *****************
2025-04-29 19:30:12,903 -root - INFO - ******************** Verifying finish button *****************
2025-04-29 19:30:12,903 -root - INFO - ******************** Verifying finish button *****************
2025-04-29 19:30:12,903 -root - INFO - ******************** Verifying finish button *****************
2025-04-29 19:30:12,903 -root - INFO - ******************** Verifying finish button *****************
2025-04-29 19:30:12,903 -root - INFO - ******************** Verifying finish button *****************
2025-04-29 19:30:26,286 -root - INFO - ***************** Login test passed ***************
2025-04-29 19:30:26,286 -root - INFO - ***************** Login test passed ***************
2025-04-29 19:30:26,286 -root - INFO - ***************** Login test passed ***************
2025-04-29 19:30:26,286 -root - INFO - ***************** Login test passed ***************
2025-04-29 19:30:26,286 -root - INFO - ***************** Login test passed ***************
2025-04-29 19:30:29,568 -root - INFO - ******************** Verifying finish button test is passed *****************
2025-04-29 19:30:29,568 -root - INFO - ******************** Verifying finish button test is passed *****************
2025-04-29 19:30:29,568 -root - INFO - ******************** Verifying finish button test is passed *****************
2025-04-29 19:30:29,568 -root - INFO - ******************** Verifying finish button test is passed *****************
2025-04-29 19:30:29,568 -root - INFO - ******************** Verifying finish button test is passed *****************
2025-04-29 19:30:32,591 -urllib3.connectionpool - WARNING - Retrying (Retry(total=2, connect=None, read=None, redirect=None, status=None)) after connection broken by 'NewConnectionError('<urllib3.connection.HTTPConnection object at 0x0000020192C33130>: Failed to establish a new connection: [WinError 10061] No connection could be made because the target machine actively refused it')': /session/ad578904bc3ddfe073a21beeeb2fe67d
2025-04-29 19:30:32,591 -urllib3.connectionpool - WARNING - Retrying (Retry(total=2, connect=None, read=None, redirect=None, status=None)) after connection broken by 'NewConnectionError('<urllib3.connection.HTTPConnection object at 0x0000020192C33130>: Failed to establish a new connection: [WinError 10061] No connection could be made because the target machine actively refused it')': /session/ad578904bc3ddfe073a21beeeb2fe67d
2025-04-29 19:30:32,591 -urllib3.connectionpool - WARNING - Retrying (Retry(total=2, connect=None, read=None, redirect=None, status=None)) after connection broken by 'NewConnectionError('<urllib3.connection.HTTPConnection object at 0x0000020192C33130>: Failed to establish a new connection: [WinError 10061] No connection could be made because the target machine actively refused it')': /session/ad578904bc3ddfe073a21beeeb2fe67d
2025-04-29 19:30:32,591 -urllib3.connectionpool - WARNING - Retrying (Retry(total=2, connect=None, read=None, redirect=None, status=None)) after connection broken by 'NewConnectionError('<urllib3.connection.HTTPConnection object at 0x0000020192C33130>: Failed to establish a new connection: [WinError 10061] No connection could be made because the target machine actively refused it')': /session/ad578904bc3ddfe073a21beeeb2fe67d
2025-04-29 19:30:32,591 -urllib3.connectionpool - WARNING - Retrying (Retry(total=2, connect=None, read=None, redirect=None, status=None)) after connection broken by 'NewConnectionError('<urllib3.connection.HTTPConnection object at 0x0000020192C33130>: Failed to establish a new connection: [WinError 10061] No connection could be made because the target machine actively refused it')': /session/ad578904bc3ddfe073a21beeeb2fe67d
2025-04-29 19:30:34,860 -root - INFO - ******************** Test_001_login *****************
2025-04-29 19:30:34,860 -root - INFO - ******************** Test_001_login *****************
2025-04-29 19:30:34,860 -root - INFO - ******************** Test_001_login *****************
2025-04-29 19:30:34,860 -root - INFO - ******************** Test_001_login *****************
2025-04-29 19:30:34,860 -root - INFO - ******************** Test_001_login *****************
2025-04-29 19:30:34,860 -root - INFO - ******************** Verifying Home Page Title *****************
2025-04-29 19:30:34,860 -root - INFO - ******************** Verifying Home Page Title *****************
2025-04-29 19:30:34,860 -root - INFO - ******************** Verifying Home Page Title *****************
2025-04-29 19:30:34,860 -root - INFO - ******************** Verifying Home Page Title *****************
2025-04-29 19:30:34,860 -root - INFO - ******************** Verifying Home Page Title *****************
2025-04-29 19:30:34,870 -root - INFO - ******************** Home Page title test is passed *****************
2025-04-29 19:30:34,870 -root - INFO - ******************** Home Page title test is passed *****************
2025-04-29 19:30:34,870 -root - INFO - ******************** Home Page title test is passed *****************
2025-04-29 19:30:34,870 -root - INFO - ******************** Home Page title test is passed *****************
2025-04-29 19:30:34,870 -root - INFO - ******************** Home Page title test is passed *****************
2025-04-29 19:30:36,658 -urllib3.connectionpool - WARNING - Retrying (Retry(total=1, connect=None, read=None, redirect=None, status=None)) after connection broken by 'NewConnectionError('<urllib3.connection.HTTPConnection object at 0x0000020192C31E10>: Failed to establish a new connection: [WinError 10061] No connection could be made because the target machine actively refused it')': /session/ad578904bc3ddfe073a21beeeb2fe67d
2025-04-29 19:30:36,658 -urllib3.connectionpool - WARNING - Retrying (Retry(total=1, connect=None, read=None, redirect=None, status=None)) after connection broken by 'NewConnectionError('<urllib3.connection.HTTPConnection object at 0x0000020192C31E10>: Failed to establish a new connection: [WinError 10061] No connection could be made because the target machine actively refused it')': /session/ad578904bc3ddfe073a21beeeb2fe67d
2025-04-29 19:30:36,658 -urllib3.connectionpool - WARNING - Retrying (Retry(total=1, connect=None, read=None, redirect=None, status=None)) after connection broken by 'NewConnectionError('<urllib3.connection.HTTPConnection object at 0x0000020192C31E10>: Failed to establish a new connection: [WinError 10061] No connection could be made because the target machine actively refused it')': /session/ad578904bc3ddfe073a21beeeb2fe67d
2025-04-29 19:30:36,658 -urllib3.connectionpool - WARNING - Retrying (Retry(total=1, connect=None, read=None, redirect=None, status=None)) after connection broken by 'NewConnectionError('<urllib3.connection.HTTPConnection object at 0x0000020192C31E10>: Failed to establish a new connection: [WinError 10061] No connection could be made because the target machine actively refused it')': /session/ad578904bc3ddfe073a21beeeb2fe67d
2025-04-29 19:30:36,658 -urllib3.connectionpool - WARNING - Retrying (Retry(total=1, connect=None, read=None, redirect=None, status=None)) after connection broken by 'NewConnectionError('<urllib3.connection.HTTPConnection object at 0x0000020192C31E10>: Failed to establish a new connection: [WinError 10061] No connection could be made because the target machine actively refused it')': /session/ad578904bc3ddfe073a21beeeb2fe67d
2025-04-29 19:30:40,729 -urllib3.connectionpool - WARNING - Retrying (Retry(total=0, connect=None, read=None, redirect=None, status=None)) after connection broken by 'NewConnectionError('<urllib3.connection.HTTPConnection object at 0x00000201930DBBD0>: Failed to establish a new connection: [WinError 10061] No connection could be made because the target machine actively refused it')': /session/ad578904bc3ddfe073a21beeeb2fe67d
2025-04-29 19:30:40,729 -urllib3.connectionpool - WARNING - Retrying (Retry(total=0, connect=None, read=None, redirect=None, status=None)) after connection broken by 'NewConnectionError('<urllib3.connection.HTTPConnection object at 0x00000201930DBBD0>: Failed to establish a new connection: [WinError 10061] No connection could be made because the target machine actively refused it')': /session/ad578904bc3ddfe073a21beeeb2fe67d
2025-04-29 19:30:40,729 -urllib3.connectionpool - WARNING - Retrying (Retry(total=0, connect=None, read=None, redirect=None, status=None)) after connection broken by 'NewConnectionError('<urllib3.connection.HTTPConnection object at 0x00000201930DBBD0>: Failed to establish a new connection: [WinError 10061] No connection could be made because the target machine actively refused it')': /session/ad578904bc3ddfe073a21beeeb2fe67d
2025-04-29 19:30:40,729 -urllib3.connectionpool - WARNING - Retrying (Retry(total=0, connect=None, read=None, redirect=None, status=None)) after connection broken by 'NewConnectionError('<urllib3.connection.HTTPConnection object at 0x00000201930DBBD0>: Failed to establish a new connection: [WinError 10061] No connection could be made because the target machine actively refused it')': /session/ad578904bc3ddfe073a21beeeb2fe67d
2025-04-29 19:30:40,729 -urllib3.connectionpool - WARNING - Retrying (Retry(total=0, connect=None, read=None, redirect=None, status=None)) after connection broken by 'NewConnectionError('<urllib3.connection.HTTPConnection object at 0x00000201930DBBD0>: Failed to establish a new connection: [WinError 10061] No connection could be made because the target machine actively refused it')': /session/ad578904bc3ddfe073a21beeeb2fe67d
2025-04-30 10:36:07,609 -root - INFO - ******************** Test_001_Inventory *****************
2025-04-30 10:36:07,609 -root - INFO - ******************** Test_001_Inventory *****************
2025-04-30 10:36:07,609 -root - INFO - ******************** Test_001_Inventory *****************
2025-04-30 10:36:07,609 -root - INFO - ******************** Test_001_Inventory *****************
2025-04-30 10:36:07,609 -root - INFO - ******************** Test_001_Inventory *****************
2025-04-30 10:36:07,622 -root - INFO - ******************** Verifying inventory Home Page Title *****************
2025-04-30 10:36:07,622 -root - INFO - ******************** Verifying inventory Home Page Title *****************
2025-04-30 10:36:07,622 -root - INFO - ******************** Verifying inventory Home Page Title *****************
2025-04-30 10:36:07,622 -root - INFO - ******************** Verifying inventory Home Page Title *****************
2025-04-30 10:36:07,622 -root - INFO - ******************** Verifying inventory Home Page Title *****************
2025-04-30 10:36:12,874 -root - INFO - ******************** Inventory Home Page title test is passed *****************
2025-04-30 10:36:12,874 -root - INFO - ******************** Inventory Home Page title test is passed *****************
2025-04-30 10:36:12,874 -root - INFO - ******************** Inventory Home Page title test is passed *****************
2025-04-30 10:36:12,874 -root - INFO - ******************** Inventory Home Page title test is passed *****************
2025-04-30 10:36:12,874 -root - INFO - ******************** Inventory Home Page title test is passed *****************
2025-04-30 10:36:12,881 -root - INFO - ******************** Adding products to cart *****************
2025-04-30 10:36:12,881 -root - INFO - ******************** Adding products to cart *****************
2025-04-30 10:36:12,881 -root - INFO - ******************** Adding products to cart *****************
2025-04-30 10:36:12,881 -root - INFO - ******************** Adding products to cart *****************
2025-04-30 10:36:12,881 -root - INFO - ******************** Adding products to cart *****************
2025-04-30 10:36:17,413 -root - INFO - ******************** Adding products to cart test is passed *****************
2025-04-30 10:36:17,413 -root - INFO - ******************** Adding products to cart test is passed *****************
2025-04-30 10:36:17,413 -root - INFO - ******************** Adding products to cart test is passed *****************
2025-04-30 10:36:17,413 -root - INFO - ******************** Adding products to cart test is passed *****************
2025-04-30 10:36:17,413 -root - INFO - ******************** Adding products to cart test is passed *****************
2025-04-30 10:36:21,863 -root - INFO - ******************** Test_001_cart *****************
2025-04-30 10:36:21,863 -root - INFO - ******************** Test_001_cart *****************
2025-04-30 10:36:21,863 -root - INFO - ******************** Test_001_cart *****************
2025-04-30 10:36:21,863 -root - INFO - ******************** Test_001_cart *****************
2025-04-30 10:36:21,863 -root - INFO - ******************** Test_001_cart *****************
2025-04-30 10:36:21,864 -root - INFO - ******************** Verifying cart products *****************
2025-04-30 10:36:21,864 -root - INFO - ******************** Verifying cart products *****************
2025-04-30 10:36:21,864 -root - INFO - ******************** Verifying cart products *****************
2025-04-30 10:36:21,864 -root - INFO - ******************** Verifying cart products *****************
2025-04-30 10:36:21,864 -root - INFO - ******************** Verifying cart products *****************
2025-04-30 10:36:33,345 -root - INFO - ******************** Cart products verification test is passed *****************
2025-04-30 10:36:33,345 -root - INFO - ******************** Cart products verification test is passed *****************
2025-04-30 10:36:33,345 -root - INFO - ******************** Cart products verification test is passed *****************
2025-04-30 10:36:33,345 -root - INFO - ******************** Cart products verification test is passed *****************
2025-04-30 10:36:33,345 -root - INFO - ******************** Cart products verification test is passed *****************
2025-04-30 10:36:33,639 -root - INFO - ******************** Verifying cart is empty by default *****************
2025-04-30 10:36:33,639 -root - INFO - ******************** Verifying cart is empty by default *****************
2025-04-30 10:36:33,639 -root - INFO - ******************** Verifying cart is empty by default *****************
2025-04-30 10:36:33,639 -root - INFO - ******************** Verifying cart is empty by default *****************
2025-04-30 10:36:33,639 -root - INFO - ******************** Verifying cart is empty by default *****************
2025-04-30 10:36:39,125 -root - INFO - ******************** verifying cart is empty test is passed *****************
2025-04-30 10:36:39,125 -root - INFO - ******************** verifying cart is empty test is passed *****************
2025-04-30 10:36:39,125 -root - INFO - ******************** verifying cart is empty test is passed *****************
2025-04-30 10:36:39,125 -root - INFO - ******************** verifying cart is empty test is passed *****************
2025-04-30 10:36:39,125 -root - INFO - ******************** verifying cart is empty test is passed *****************
2025-04-30 10:36:43,388 -root - INFO - ******************** Test_001_checkout *****************
2025-04-30 10:36:43,388 -root - INFO - ******************** Test_001_checkout *****************
2025-04-30 10:36:43,388 -root - INFO - ******************** Test_001_checkout *****************
2025-04-30 10:36:43,388 -root - INFO - ******************** Test_001_checkout *****************
2025-04-30 10:36:43,388 -root - INFO - ******************** Test_001_checkout *****************
2025-04-30 10:36:43,390 -root - INFO - ******************** Verifying checkout Page url *****************
2025-04-30 10:36:43,390 -root - INFO - ******************** Verifying checkout Page url *****************
2025-04-30 10:36:43,390 -root - INFO - ******************** Verifying checkout Page url *****************
2025-04-30 10:36:43,390 -root - INFO - ******************** Verifying checkout Page url *****************
2025-04-30 10:36:43,390 -root - INFO - ******************** Verifying checkout Page url *****************
2025-04-30 10:36:59,949 -root - INFO - ******************** Checkout page url test is passed *****************
2025-04-30 10:36:59,949 -root - INFO - ******************** Checkout page url test is passed *****************
2025-04-30 10:36:59,949 -root - INFO - ******************** Checkout page url test is passed *****************
2025-04-30 10:36:59,949 -root - INFO - ******************** Checkout page url test is passed *****************
2025-04-30 10:36:59,949 -root - INFO - ******************** Checkout page url test is passed *****************
2025-04-30 10:37:02,733 -root - INFO - ******************** Verifying finish button *****************
2025-04-30 10:37:02,733 -root - INFO - ******************** Verifying finish button *****************
2025-04-30 10:37:02,733 -root - INFO - ******************** Verifying finish button *****************
2025-04-30 10:37:02,733 -root - INFO - ******************** Verifying finish button *****************
2025-04-30 10:37:02,733 -root - INFO - ******************** Verifying finish button *****************
2025-04-30 10:37:19,729 -root - INFO - ******************** Verifying finish button test is passed *****************
2025-04-30 10:37:19,729 -root - INFO - ******************** Verifying finish button test is passed *****************
2025-04-30 10:37:19,729 -root - INFO - ******************** Verifying finish button test is passed *****************
2025-04-30 10:37:19,729 -root - INFO - ******************** Verifying finish button test is passed *****************
2025-04-30 10:37:19,729 -root - INFO - ******************** Verifying finish button test is passed *****************
2025-04-30 10:37:25,662 -root - INFO - ******************** Test_001_login *****************
2025-04-30 10:37:25,662 -root - INFO - ******************** Test_001_login *****************
2025-04-30 10:37:25,662 -root - INFO - ******************** Test_001_login *****************
2025-04-30 10:37:25,662 -root - INFO - ******************** Test_001_login *****************
2025-04-30 10:37:25,662 -root - INFO - ******************** Test_001_login *****************
2025-04-30 10:37:25,662 -root - INFO - ******************** Verifying Home Page Title *****************
2025-04-30 10:37:25,662 -root - INFO - ******************** Verifying Home Page Title *****************
2025-04-30 10:37:25,662 -root - INFO - ******************** Verifying Home Page Title *****************
2025-04-30 10:37:25,662 -root - INFO - ******************** Verifying Home Page Title *****************
2025-04-30 10:37:25,662 -root - INFO - ******************** Verifying Home Page Title *****************
2025-04-30 10:37:25,674 -root - INFO - ******************** Home Page title test is passed *****************
2025-04-30 10:37:25,674 -root - INFO - ******************** Home Page title test is passed *****************
2025-04-30 10:37:25,674 -root - INFO - ******************** Home Page title test is passed *****************
2025-04-30 10:37:25,674 -root - INFO - ******************** Home Page title test is passed *****************
2025-04-30 10:37:25,674 -root - INFO - ******************** Home Page title test is passed *****************
2025-04-30 10:37:48,037 -root - INFO - ******************** Test_001_Inventory *****************
2025-04-30 10:37:48,037 -root - INFO - ******************** Test_001_Inventory *****************
2025-04-30 10:37:48,037 -root - INFO - ******************** Test_001_Inventory *****************
2025-04-30 10:37:48,037 -root - INFO - ******************** Test_001_Inventory *****************
2025-04-30 10:37:48,037 -root - INFO - ******************** Test_001_Inventory *****************
2025-04-30 10:37:48,051 -root - INFO - ******************** Verifying inventory Home Page Title *****************
2025-04-30 10:37:48,051 -root - INFO - ******************** Verifying inventory Home Page Title *****************
2025-04-30 10:37:48,051 -root - INFO - ******************** Verifying inventory Home Page Title *****************
2025-04-30 10:37:48,051 -root - INFO - ******************** Verifying inventory Home Page Title *****************
2025-04-30 10:37:48,051 -root - INFO - ******************** Verifying inventory Home Page Title *****************
2025-04-30 10:37:49,593 -root - INFO - ******************** Adding products to cart *****************
2025-04-30 10:37:49,593 -root - INFO - ******************** Adding products to cart *****************
2025-04-30 10:37:49,593 -root - INFO - ******************** Adding products to cart *****************
2025-04-30 10:37:49,593 -root - INFO - ******************** Adding products to cart *****************
2025-04-30 10:37:49,593 -root - INFO - ******************** Adding products to cart *****************
2025-04-30 10:37:54,389 -root - INFO - ******************** Test_001_cart *****************
2025-04-30 10:37:54,389 -root - INFO - ******************** Test_001_cart *****************
2025-04-30 10:37:54,389 -root - INFO - ******************** Test_001_cart *****************
2025-04-30 10:37:54,389 -root - INFO - ******************** Test_001_cart *****************
2025-04-30 10:37:54,389 -root - INFO - ******************** Test_001_cart *****************
2025-04-30 10:37:54,389 -root - INFO - ******************** Verifying cart products *****************
2025-04-30 10:37:54,389 -root - INFO - ******************** Verifying cart products *****************
2025-04-30 10:37:54,389 -root - INFO - ******************** Verifying cart products *****************
2025-04-30 10:37:54,389 -root - INFO - ******************** Verifying cart products *****************
2025-04-30 10:37:54,389 -root - INFO - ******************** Verifying cart products *****************
2025-04-30 10:37:56,689 -root - INFO - ******************** Verifying cart is empty by default *****************
2025-04-30 10:37:56,689 -root - INFO - ******************** Verifying cart is empty by default *****************
2025-04-30 10:37:56,689 -root - INFO - ******************** Verifying cart is empty by default *****************
2025-04-30 10:37:56,689 -root - INFO - ******************** Verifying cart is empty by default *****************
2025-04-30 10:37:56,689 -root - INFO - ******************** Verifying cart is empty by default *****************
2025-04-30 10:38:01,488 -root - INFO - ******************** Test_001_checkout *****************
2025-04-30 10:38:01,488 -root - INFO - ******************** Test_001_checkout *****************
2025-04-30 10:38:01,488 -root - INFO - ******************** Test_001_checkout *****************
2025-04-30 10:38:01,488 -root - INFO - ******************** Test_001_checkout *****************
2025-04-30 10:38:01,488 -root - INFO - ******************** Test_001_checkout *****************
2025-04-30 10:38:01,489 -root - INFO - ******************** Verifying checkout Page url *****************
2025-04-30 10:38:01,489 -root - INFO - ******************** Verifying checkout Page url *****************
2025-04-30 10:38:01,489 -root - INFO - ******************** Verifying checkout Page url *****************
2025-04-30 10:38:01,489 -root - INFO - ******************** Verifying checkout Page url *****************
2025-04-30 10:38:01,489 -root - INFO - ******************** Verifying checkout Page url *****************
2025-04-30 10:38:02,664 -root - INFO - ******************** Verifying finish button *****************
2025-04-30 10:38:02,664 -root - INFO - ******************** Verifying finish button *****************
2025-04-30 10:38:02,664 -root - INFO - ******************** Verifying finish button *****************
2025-04-30 10:38:02,664 -root - INFO - ******************** Verifying finish button *****************
2025-04-30 10:38:02,664 -root - INFO - ******************** Verifying finish button *****************
2025-04-30 10:38:06,680 -root - INFO - ******************** Test_001_login *****************
2025-04-30 10:38:06,680 -root - INFO - ******************** Test_001_login *****************
2025-04-30 10:38:06,680 -root - INFO - ******************** Test_001_login *****************
2025-04-30 10:38:06,680 -root - INFO - ******************** Test_001_login *****************
2025-04-30 10:38:06,680 -root - INFO - ******************** Test_001_login *****************
2025-04-30 10:38:06,681 -root - INFO - ******************** Verifying Home Page Title *****************
2025-04-30 10:38:06,681 -root - INFO - ******************** Verifying Home Page Title *****************
2025-04-30 10:38:06,681 -root - INFO - ******************** Verifying Home Page Title *****************
2025-04-30 10:38:06,681 -root - INFO - ******************** Verifying Home Page Title *****************
2025-04-30 10:38:06,681 -root - INFO - ******************** Verifying Home Page Title *****************
2025-04-30 10:38:06,687 -root - INFO - ******************** Home Page title test is passed *****************
2025-04-30 10:38:06,687 -root - INFO - ******************** Home Page title test is passed *****************
2025-04-30 10:38:06,687 -root - INFO - ******************** Home Page title test is passed *****************
2025-04-30 10:38:06,687 -root - INFO - ******************** Home Page title test is passed *****************
2025-04-30 10:38:06,687 -root - INFO - ******************** Home Page title test is passed *****************
2025-04-30 16:31:08,214 -root - INFO - ******************** Test_001_login *****************
2025-04-30 16:31:08,216 -root - INFO - ******************** Verifying Home Page Title *****************
2025-04-30 16:31:08,233 -root - INFO - ******************** Home Page title test is passed *****************
2025-04-30 16:31:08,240 -root - INFO - ******************** Checking login test **********************
2025-04-30 16:31:10,645 -root - INFO - ******************** Login test is passed *****************
2025-04-30 16:31:10,647 -root - INFO - ******************** Checking login test **********************
2025-04-30 16:31:12,122 -root - INFO - ******************** Login test is passed *****************
2025-04-30 16:31:12,126 -root - INFO - ******************** Checking login test **********************
2025-04-30 16:31:13,451 -root - INFO - ******************** Login test is passed *****************
2025-04-30 16:31:13,455 -root - INFO - ******************** Checking login test **********************
2025-04-30 16:31:19,917 -root - INFO - ******************** Login test is passed *****************
2025-04-30 16:31:19,921 -root - INFO - ******************** Checking login test **********************
2025-04-30 16:31:21,412 -root - INFO - ******************** Login test is passed *****************
2025-04-30 16:31:21,416 -root - INFO - ******************** Checking login test **********************
2025-04-30 16:31:22,852 -root - INFO - ******************** Login test is passed *****************
2025-04-30 16:31:22,856 -root - INFO - ******************** Checking login test **********************
2025-04-30 16:31:24,327 -root - INFO - ******************** Login test is passed *****************
2025-04-30 16:31:24,331 -root - INFO - ******************** Checking login test **********************
2025-04-30 16:31:25,707 -root - INFO - ******************** Login test is passed *****************
2025-04-30 16:32:03,818 -root - INFO - ******************** Test_001_Inventory *****************
2025-04-30 16:32:03,818 -root - INFO - ******************** Verifying inventory Home Page Title *****************
2025-04-30 16:32:08,019 -root - INFO - ******************** Inventory Home Page title test is passed *****************
2025-04-30 16:32:08,023 -root - INFO - ******************** Verifying product details *****************
2025-04-30 16:32:08,110 -root - INFO - ******************** Adding products to cart *****************
2025-04-30 16:32:12,395 -root - INFO - ******************** Adding products to cart test is passed *****************
